path,sha256,confidential
dist/site-public/1ere_spe/02_SEANCES/S1/1ere_spe_S1_ELEVE_Activite.html,df56cc98b93799611ecda1899277a086aacf879dc464da8226be66871d736ebf,non
dist/site-public/1ere_spe/02_SEANCES/S1/1ere_spe_S1_SUPPORTS_Manipulation.html,ddc60504b47084fbc860c1a5d4d5dc0b08ff853e6bd8bc6e55e5a14beb3740a5,non
dist/site-public/1ere_spe/02_SEANCES/S2/1ere_spe_S2_ELEVE_Activite.html,133f64dbcef4f795797c126172e9c9b7bf050c1c0d331bdef2e0bb3f64f3f5cb,non
dist/site-public/1ere_spe/02_SEANCES/S2/1ere_spe_S2_SUPPORTS_Manipulation.html,eca005c747da57063bde858e3c789e8e09a5dc046c3aacf8d6db409144885c1d,non
dist/site-public/1ere_spe/02_SEANCES/S3/1ere_spe_S3_ELEVE_Activite.html,549f5349df169f099b9e1179e37ccf442aa703136ec40b4cf8ef9eb9be74505b,non
dist/site-public/1ere_spe/02_SEANCES/S3/1ere_spe_S3_SUPPORTS_Manipulation.html,bb579dcd776973d4a1a0b56b31f19f55d2c9e68c8bb9ab6f4d9ee89057216ae7,non
dist/site-public/1ere_spe/02_SEANCES/S4/1ere_spe_S4_ELEVE_Activite.html,c4f6c3b218a79e58c940baa66ec2c06505faf9bdd0ede47ab23f9c087857839d,non
dist/site-public/1ere_spe/02_SEANCES/S4/1ere_spe_S4_SUPPORTS_Manipulation.html,79ff644835410e65fa32accb255a314bcdc586407f771b5bc3ecae57490bfad4,non
dist/site-public/1ere_spe/02_SEANCES/S5/1ere_spe_S5_ELEVE_Activite.html,731a9bee5b112516b1dc5d5db7d893aa9a5dfd167870219999feb73fce68ce3a,non
dist/site-public/1ere_spe/02_SEANCES/S5/1ere_spe_S5_SUPPORTS_Manipulation.html,371716d812e2c463c90efd755f9604b67e22d8c98f380ea24dad392ad1b87c99,non
dist/site-public/1ere_spe/03_EVALUATIONS/1ere_spe_Evaluation_Finale_ELEVE.html,aa2eaa7c0394093f045f05c53bf20a22220dd2aa36670436b1f2e21e3dc5ac29,non
dist/site-public/1ere_spe/03_EVALUATIONS/1ere_spe_Evaluation_Finale_PROF_Corrige_Bareme.html,e2407ccfc4bf07f8beafaea5cfc29708c857117394e6b8193b1ac2e4ab8f1ea1,non
dist/site-public/1ere_spe/03_EVALUATIONS/1ere_spe_Mini_Diagnostic_ELEVE.html,371263c3bd12d4bbbbfdf312325033e4ad0f4ade13fb9b6d208126b0e3ee8609,non
dist/site-public/1ere_spe/03_EVALUATIONS/1ere_spe_Mini_Diagnostic_PROF_Corrige.html,2dfb33a26dff2746ffdaa55a93d0a72365266becbb806580d6e8e7fb2ffe1643,non
dist/site-public/1ere_spe/03_EVALUATIONS/1ere_spe_Portfolio_Individuel.html,5bc47aefb5f84248f49b632073b75687fa26bf86ce0b78e0a6510b7b85cf27f5,non
dist/site-public/1ere_spe/index.html,5d41862d639de37d155028c8ba428e820b1740802c4c7faae6b8164827259e1f,non
dist/site-public/2nde/02_SEANCES/S1/2nde_S1_ELEVE_Activite.html,dd3dc613e213df5fdbf588420e5450b3ac29493596b82b91faaa41c64347fa8f,non
dist/site-public/2nde/02_SEANCES/S1/2nde_S1_SUPPORTS_Manipulation.html,d1e48ba35fa2233be3f7ef3028dbace23abc5132ae31ce1e79833928dba155fb,non
dist/site-public/2nde/02_SEANCES/S2/2nde_S2_ELEVE_Activite.html,9a1c13828fbb13cb2a518ed7cef5501f0c1efc24df169f4d895399601b325404,non
dist/site-public/2nde/02_SEANCES/S2/2nde_S2_SUPPORTS_Manipulation.html,1b72eec3cb151f8df5d82b45942ad2fc6c8ec93d96a92d628f1467aa9a4f3e2a,non
dist/site-public/2nde/02_SEANCES/S3/2nde_S3_ELEVE_Activite.html,9e60c0fa4e2c007b7eb315f863bf508c730cac7effbe2ad9071295a32c4f6dbc,non
dist/site-public/2nde/02_SEANCES/S3/2nde_S3_SUPPORTS_Manipulation.html,4a778609d3fb9edc8e066b70e6a9235f11c474a601d0b1ec852a1574bee06e2b,non
dist/site-public/2nde/02_SEANCES/S4/2nde_S4_ELEVE_Activite.html,24fcd1f4bc0a2fc56babde33f42ef12c2e28d46baa25017ad356cc4286861f5e,non
dist/site-public/2nde/02_SEANCES/S4/2nde_S4_SUPPORTS_Manipulation.html,372d15b78c8cee619122767c9260eb2b1a407879fc0a6bd464808cc27d64b7a2,non
dist/site-public/2nde/02_SEANCES/S5/2nde_S5_ELEVE_Activite.html,ee0ca2d508c060140d99f86488ed778c5c25b11d91825d71806370450d95d66b,non
dist/site-public/2nde/02_SEANCES/S5/2nde_S5_SUPPORTS_Manipulation.html,e6acaec93878784b85fc3a45abc32c26ccb17c69dd693e2ef0aa965f51edd736,non
dist/site-public/2nde/03_EVALUATIONS/2nde_Evaluation_Finale_ELEVE.html,29631400b436c9e8152bd6d3411ae16d36d6d4de2a2a6cc7c5ab47af5e057475,non
dist/site-public/2nde/03_EVALUATIONS/2nde_Evaluation_Finale_PROF_Corrige_Bareme.html,7e6b78441f3e624a5c3607ff9341b8a597a35e2ea9928bf731b613a08b55dcb3,non
dist/site-public/2nde/03_EVALUATIONS/2nde_Mini_Diagnostic_ELEVE.html,5a2f20ab073fb2a359ef17d26612ea43801e7b67d83060a0565a21afc12a5559,non
dist/site-public/2nde/03_EVALUATIONS/2nde_Mini_Diagnostic_PROF_Corrige.html,5d2655468502e7c58941a7d1dd18d3db1d0969685cef8f58226905c8a935f1f5,non
dist/site-public/2nde/03_EVALUATIONS/2nde_Portfolio_Individuel.html,9b4fc499bbaef0e7c72521b03261ea8cb3395d3f9bb1aa6a2b88d7d0c38102af,non
dist/site-public/2nde/index.html,c13d5a5ff0760c227c81e4f17eb9ecad53018ad073063430223092d8ecb76f9c,non
dist/site-public/3e/02_SEANCES/S1/3e_S1_ELEVE_Activite.html,2846756ef9b819f47eb02474729dcc8ffc01c3b36cbbcd080c32ac9f88f8b923,non
dist/site-public/3e/02_SEANCES/S1/3e_S1_SUPPORTS_Manipulation.html,736df70b2d939894c2f1bd118e6502d6d83efcb19092979551c5727024a7087c,non
dist/site-public/3e/02_SEANCES/S2/3e_S2_ELEVE_Activite.html,a5ba38769bee64cc95cacbee79d014ed619290b68acb84875d37ee635d16140d,non
dist/site-public/3e/02_SEANCES/S2/3e_S2_SUPPORTS_Manipulation.html,3f3f5851b56d0320741f1710d53e419e900a131a9b79ec0aa3cf5e120a631b36,non
dist/site-public/3e/02_SEANCES/S3/3e_S3_ELEVE_Activite.html,9211a933f811d2cf3b5b753e3a82861eaf91e5676c099b88c1e0a5194f98664d,non
dist/site-public/3e/02_SEANCES/S3/3e_S3_SUPPORTS_Manipulation.html,718d27305a2c04eb1c6e4be0d0a9e73e992fa22965f749758f70aee1cb64cac9,non
dist/site-public/3e/02_SEANCES/S4/3e_S4_ELEVE_Activite.html,d0df2a9f21ca13fd73f9311a1d6663c3f4ed0e3568f7e0668efe40cdc50eb419,non
dist/site-public/3e/02_SEANCES/S4/3e_S4_SUPPORTS_Manipulation.html,8d3940f62f94e440d8615b80f9188407276c3958358ff1eb44a80feca3222cff,non
dist/site-public/3e/02_SEANCES/S5/3e_S5_ELEVE_Activite.html,a9d4f81810f57cdccfc905b06661c26ea6b19c7a63742be944b5cf452b89a9b2,non
dist/site-public/3e/02_SEANCES/S5/3e_S5_SUPPORTS_Manipulation.html,5fbbfa022f2c4bb840b585cb2426584648ab166b56209e3a7c186e7b5e68a340,non
dist/site-public/3e/03_EVALUATIONS/3e_Evaluation_Finale_ELEVE.html,0f1a967083d776ce791037715a8f403abd091348e21198c4d4821688dc06fb66,non
dist/site-public/3e/03_EVALUATIONS/3e_Evaluation_Finale_PROF_Corrige_Bareme.html,0347e1e29bbc1535df406b17e58c1d2e0b9db163494410d9c42a9d2d0c4c41af,non
dist/site-public/3e/03_EVALUATIONS/3e_Mini_Diagnostic_ELEVE.html,9aa0dfe9f1cb7f8fd7efa389c226a95aa1576992232a721fa13cc1e21497dee6,non
dist/site-public/3e/03_EVALUATIONS/3e_Mini_Diagnostic_PROF_Corrige.html,c991b05827783873c976bb179f26aebd82f47a74cd3a31d04bef11d49a4f4107,non
dist/site-public/3e/03_EVALUATIONS/3e_Portfolio_Individuel.html,58bb11d746d209d905a76bc753989e4c6b4b107e32c18cf240024f2ccaef26e0,non
dist/site-public/3e/index.html,edbf079a00f310a9eabe6c5b50c85c4b31f0cede30eadb08db4ab23e7c8d3143,non
dist/site-public/4e/02_SEANCES/S1/4e_S1_ELEVE_Activite.html,2349bf4f850fd903b43587d245d097e3a7ba4c534f85674c8087ccb7c67bb1c1,non
dist/site-public/4e/02_SEANCES/S1/4e_S1_SUPPORTS_Manipulation.html,a12897bed3b966e454fc03fb5a1b90e1845d242447b4ddf67cd7ae3667bfe784,non
dist/site-public/4e/02_SEANCES/S2/4e_S2_ELEVE_Activite.html,ff99b1036bc41310fc7510043e258ca6856e6285215dc534731d1a87fba12177,non
dist/site-public/4e/02_SEANCES/S2/4e_S2_SUPPORTS_Manipulation.html,5e45e7a5986333465ee96d832a45b1011cd5ceb01ea0add804f1ff8abdcc370e,non
dist/site-public/4e/02_SEANCES/S3/4e_S3_ELEVE_Activite.html,28a8374ff30980d3a44fc0906421c6a01f0cc780055b800cf2f8a58079d1fd5d,non
dist/site-public/4e/02_SEANCES/S3/4e_S3_SUPPORTS_Manipulation.html,142138d95dfb9edc264699b7c86fa5af452a94e412020cdad2308871b468e75e,non
dist/site-public/4e/02_SEANCES/S4/4e_S4_ELEVE_Activite.html,0970483a7bb61f010063534da9b8373fcb0a7baff8eae408ff39439e22004c43,non
dist/site-public/4e/02_SEANCES/S4/4e_S4_SUPPORTS_Manipulation.html,9d0e519940032e3bbd34edcfbc9e35f5314aab18267795640311f781d2dc2131,non
dist/site-public/4e/02_SEANCES/S5/4e_S5_ELEVE_Activite.html,b5d69ae69e6d6a5d45ba4cde6dcd8827efe3471e17405d021e1949d1a47d2bee,non
dist/site-public/4e/02_SEANCES/S5/4e_S5_SUPPORTS_Manipulation.html,581cd5a23c8cb8fe1ed944baa61da7ae985037558312aab095fd5c71c4afa1c6,non
dist/site-public/4e/03_EVALUATIONS/4e_Evaluation_Finale_ELEVE.html,7ada1b7253f4d0b90e61042f820da71e3ddc55522e2758db34055bf290bbf182,non
dist/site-public/4e/03_EVALUATIONS/4e_Evaluation_Finale_PROF_Corrige_Bareme.html,df71fff99be2326aabe0d80c682ba4ece7f3a24b3fced21172b3932ebaf891e0,non
dist/site-public/4e/03_EVALUATIONS/4e_Mini_Diagnostic_ELEVE.html,2ae174b269c132c3262472f157ec8d858393caa96e6ce225d5c9c3cb7212f8a0,non
dist/site-public/4e/03_EVALUATIONS/4e_Mini_Diagnostic_PROF_Corrige.html,6b913ff6ed96ceb6fa11f37dd57009887a4520c68233ff5ece32e971675d331c,non
dist/site-public/4e/03_EVALUATIONS/4e_Portfolio_Individuel.html,bf92de3ee0a57868b430bfa88d6c4ca7a383a012b70e9dc5fa6aab6f690d1023,non
dist/site-public/4e/index.html,79fc97a795f0fc99d6a5b23031fde58e72580867a5984717b5ad49ca423a14bc,non
dist/site-public/assets/logo.png,c4cfe5ba9380a6b10236db2caad713683ddb1cfed6303b2c202f6a51317f02a0,non
dist/site-public/assets/logo_slogan_nexus.png,81855d6817f93537262e08c2e8037d1ccc8eac14b0b611ba4686f9c28ba34315,non
dist/site-public/assets/print.css,d690e376d6a55e3d9f37f79fd64b9f33d0be2ff21434921cc43b231d75045180,non
dist/site-public/assets/search-index.js,2e72dea9505a3ab2401c74682b9dc9c15842db49159fbfb4c592721e76207aa7,non
dist/site-public/assets/site.css,64e236b3c019aeab617cd43519b9e2301f523e9567f9c4e9f3c9ae84cf702aac,non
dist/site-public/assets/site.js,1d7d2a9f1fbe7c7c8e81dc12dff1f0becd2902b216ce81c423645e84cd2cefed,non
dist/site-public/assets/supports/coordinate_grid.svg,c4a359f789d54d690bcfc29007bfad9ee5eab158b50a112d35c2f1294e822753,non
dist/site-public/assets/supports/fraction_strips.svg,3ef515ec2c488781364b9fd2f5f516ea5aaea646e0df28a387ffb46a29ea7a37,non
dist/site-public/assets/supports/number_line.svg,a925c8902322a5b82884b9f3ca3b291fb0b3ce3cb2da6677b177c595d3f6a24a,non
dist/site-public/assets/supports/right_triangle.svg,d27576ba867d85ae5fb901f4e14475496eda7382b5bd8aa6e007b41f9bfc390a,non
dist/site-public/assets/supports/venn_diagram.svg,16c21751a85bda7913a725eafd83936cd285fd4a7eeeaa4de335a5d461f5c6f2,non
dist/site-public/index.html,03f445544aadbfff68828ac35538bbae31c4d6924d0398a1894e0fd407e35fd8,non
dist/site-public/packs.html,7af4c78a9e3a9c22393cc51ab7985a06dfd8de9058473c9e481c502f2d8409eb,non
dist/site-public/preparer-seance.html,8243d9f7fdcbc3a959bbe8d9de40d546fdd7a3fa85e2a8a72bcfed9ec5651402,non
dist/site-public/reports/ACCESSIBILITY_QA.md,d5be0630c92f7cc95e5ce2f2a820d7834bd0123a4e51ef58fa27ddaa6da2f1fb,non
dist/site-public/reports/AUDIT_INITIAL.json,f8648d2b573b9288495b10f5c485c8b1cc0d6e095180440f0c58510303587411,non
dist/site-public/reports/AUDIT_INITIAL.md,ed0ee113a351848159a30379c34964dc04cffecd97b2249f5d3b667b67f828e5,non
dist/site-public/reports/BUILD_QA_COUNTERS.md,1b95786edbc159d7f2ffc53c628d26bd11e5440f7301656642ba0692e8ab700e,non
dist/site-public/reports/CONTENT_GAPS.md,576fb132e23fff2dbda177917b038547bf38aad5bdc0b83940ea7284c1d4df83,non
dist/site-public/reports/DEAD_FILES_AND_DUPLICATES.md,c23819d7a85c16d4ea211a543080c64a1a802c1df2578aa3e5f91d12be6e1b96,non
dist/site-public/reports/FINAL_DELIVERY_REPORT.md,54cee4a07530f8be2c357853e21c237380cba68c0386632d344922305339a3ad,non
dist/site-public/reports/LEGACY_HTML_TO_ARCHIVE.txt,5857fffc5442af0b141e4ea4c0a0ce1cde6741424cf212832070a6a3e83b9923,non
dist/site-public/reports/MATH_CONTENT_AUDIT.md,92d359116e318faa0d89c2ddcaeb6e40f98643456d014287129171fd27269c3d,non
dist/site-public/reports/NAVIGATION_QA.md,ad2c47f9cb57455513dd21b201c01c4f8cd926cbca494103d23cfb452488242f,non
dist/site-public/reports/PDF_STRUCTURAL_QA.md,71008a15da0606241698ecca4c6ba5267607375e83e6b57d439754f60714fce2,non
dist/site-public/reports/PDF_VISUAL_QA.md,dded3ec99d6f6d2c1138b3fcdaffd05b866b7d43725fb7041b570d1d23505fc3,non
dist/site-public/reports/QA_STATUS.json,4b3fce0148250227c1e9b4ec8f1a821d282372de96ee4979e34a8c04835b96ef,non
dist/site-public/reports/SOURCE_ERRATA.md,bffb1575f35c5d10d20adc141942a7999f9dd4ad479e6c4cb5a101ff157ad709,non
dist/site-public/reports/UX_AUDIT.md,33a952ff03ebbd6576576a5fc75955a757aafed03af336aceade78a62e5896c6,non
dist/pdf/1ere_spe/eleves/1ere_spe_Portfolio_Individuel.pdf,02eb75a320a8d5bd14f7e689a30c8390899d2782cb1a21986395d5aa659d2101,non
dist/pdf/1ere_spe/eleves/1ere_spe_S1_ELEVE_Activite.pdf,287cbe7f449fca667d60c6abbb08d077f69c39591f40bc31e11e2f0df6a8cee9,non
dist/pdf/1ere_spe/eleves/1ere_spe_S2_ELEVE_Activite.pdf,3ee9983cd8fb6bc622da53f3dbca4c640d6e006c8916c598e3e1401363f93fdd,non
dist/pdf/1ere_spe/eleves/1ere_spe_S3_ELEVE_Activite.pdf,71dd85aefd58ab074076b3c626e0af4a7ee132a0a946aa1d2b8db0f9939043ed,non
dist/pdf/1ere_spe/eleves/1ere_spe_S4_ELEVE_Activite.pdf,34f753869a2d4293932d90b14337ab9c5f1cba6ed35e5de6c85a9f9c5b9009ab,non
dist/pdf/1ere_spe/eleves/1ere_spe_S5_ELEVE_Activite.pdf,277976a9c64f865bf5148376cb7443997b58796394d3aaa9147d332cc001b65f,non
dist/pdf/1ere_spe/enseignants/1ere_spe_Evaluation_Finale_PROF_Corrige_Bareme.pdf,1644f2a08fde8698e67d6f8ad9e45549206f40abe8fb5de5f03d6197d447b439,non
dist/pdf/1ere_spe/enseignants/1ere_spe_Guide_Formateur.pdf,f9f63e0c21399996fac2b2fe4c6305308a6eb21eb4fb5e61fbbe9bd3145a9ca4,non
dist/pdf/1ere_spe/enseignants/1ere_spe_MASTER_Documentation_Stage.pdf,a9da71f31bfea3e9e67bd0aa83e9a37a77434cefa7d19349ab2710cb2cdaa1c4,non
dist/pdf/1ere_spe/enseignants/1ere_spe_Mini_Diagnostic_PROF_Corrige.pdf,53507c3ebb9581e6e918eaf11ee311306c41a622f175f9937b53a0014d061924,non
dist/pdf/1ere_spe/enseignants/1ere_spe_S1_AIDES_Cartes.pdf,8f16d21329ef60a559728a1daf606159a2144c5c00f9c4cb20dfd25458c1cc6d,non
dist/pdf/1ere_spe/enseignants/1ere_spe_S1_PROF_Fiche.pdf,8bad131187ab2329bae421452034add244fc402d906ec6452c4f069552b6d749,non
dist/pdf/1ere_spe/enseignants/1ere_spe_S2_AIDES_Cartes.pdf,1bb5d9aa314a72f77d64d7eebb32d846eea791050c24fa2df5dae553487835bb,non
dist/pdf/1ere_spe/enseignants/1ere_spe_S2_PROF_Fiche.pdf,3fd5a3e05661010e6806905a010a3e3c6e36a56cfb48b2b8db087a5e91ff13a7,non
dist/pdf/1ere_spe/enseignants/1ere_spe_S3_AIDES_Cartes.pdf,788b8d6f7bb6b7446f89cb2c6e7daf621ec9ce78f411bfbb09dd8b01b0e6afd6,non
dist/pdf/1ere_spe/enseignants/1ere_spe_S3_PROF_Fiche.pdf,def7a7777ab4ed59de548923101bc1b40adab61eed36d52d8cda7b651bef1955,non
dist/pdf/1ere_spe/enseignants/1ere_spe_S4_AIDES_Cartes.pdf,4f8e5cd40be566ecca89d15a365a08b4e624664500e6dd40e2e1129f746a9ecb,non
dist/pdf/1ere_spe/enseignants/1ere_spe_S4_PROF_Fiche.pdf,c2b90211736506fc12d40ea2b572c9bdb99a288176100b816534217d004dd9a4,non
dist/pdf/1ere_spe/enseignants/1ere_spe_S5_AIDES_Cartes.pdf,3552df2ee65b073b0f6d6051f81940d3f513be9047bbd21145b8769216ff0bc5,non
dist/pdf/1ere_spe/enseignants/1ere_spe_S5_PROF_Fiche.pdf,3cec498933ab7a2330fd9b09eb5459c2e76909a3ff1cad1a042e78c49a127153,non
dist/pdf/1ere_spe/enseignants/1ere_spe_Tableau_Bord_Enseignant.pdf,a4c7fb6660ba55a63dcf431c772fc4df34fd5225a073f26b6cb4dcb4de9cf150,non
dist/pdf/1ere_spe/enseignants/index.pdf,9f220ae24f5dae50093bd2d097d026354b05818439a3bdd78fd94b9065e04d42,non
dist/pdf/1ere_spe/evaluations/1ere_spe_Evaluation_Finale_ELEVE.pdf,9bd92d4e679b71a53b40aaccf66e27eef184df8c13d20022fd0591b6f7654358,non
dist/pdf/1ere_spe/evaluations/1ere_spe_Mini_Diagnostic_ELEVE.pdf,fb28a8b5739e3acc94e68f8a5921cad93fec6f67700681b20f96d2a73a016659,non
dist/pdf/1ere_spe/supports/1ere_spe_S1_SUPPORTS_Manipulation.pdf,fe89ebcc5cbe79d32ccceccc546ac93573d837b2bf462c83306287175e6980f6,non
dist/pdf/1ere_spe/supports/1ere_spe_S2_SUPPORTS_Manipulation.pdf,631f0926f6bf5f23a786c46c4fef9cd56a0d5df3fa02f96bbbc5af6d7c1932c1,non
dist/pdf/1ere_spe/supports/1ere_spe_S3_SUPPORTS_Manipulation.pdf,cdcd76d34fb9cdc1cfa9d4a7d174e13ae104ab0189b41f9e86f78e2b0e4b8707,non
dist/pdf/1ere_spe/supports/1ere_spe_S4_SUPPORTS_Manipulation.pdf,1d887c6274f85b13c577d804ef9008290bb2815945831ff2e1dac50e338770e5,non
dist/pdf/1ere_spe/supports/1ere_spe_S5_SUPPORTS_Manipulation.pdf,52200956b9130810941bfce451e1550fef444b0e17898d092bac052e34dfdaca,non
dist/pdf/2nde/eleves/2nde_Portfolio_Individuel.pdf,9f88b9d1c65a4839655356b572307c4c4c1ecb68b6c4b5069af2ed3b6e93b027,non
dist/pdf/2nde/eleves/2nde_S1_ELEVE_Activite.pdf,9f1297a5d00f56f5ab14a88b02258bc1f61580138d132879e6807fbbf32b0ec1,non
dist/pdf/2nde/eleves/2nde_S2_ELEVE_Activite.pdf,d9b1bc690a6c786b4dc83ea54fe6e5c22979fbe4abf7124587bc6177f7dae3df,non
dist/pdf/2nde/eleves/2nde_S3_ELEVE_Activite.pdf,82de3956bb062a48e23136a6993be09a97021cc9c92bd3cdae05900bebc0526b,non
dist/pdf/2nde/eleves/2nde_S4_ELEVE_Activite.pdf,5ba4b68837d30febb1463d01c248d6e0b764bc95fcb746554c7f9af189aefaf9,non
dist/pdf/2nde/eleves/2nde_S5_ELEVE_Activite.pdf,b607415961844e8dca423d3947a07aa32f69abb560284384462fac2f9a052dca,non
dist/pdf/2nde/enseignants/2nde_Evaluation_Finale_PROF_Corrige_Bareme.pdf,16ff7379cdfe3e46fc67fc766239fd5a538cd9d8aabccd8cf7c821abb9ee5a6e,non
dist/pdf/2nde/enseignants/2nde_Guide_Formateur.pdf,8a56a94b311ff66bd2ec078e68d01bb9250d4a40de8ad8c56e14ffe488297f26,non
dist/pdf/2nde/enseignants/2nde_MASTER_Documentation_Stage.pdf,9d9969680d807f2ee71a243c268dc35750cae510e3e2dc805bc8929e2847999d,non
dist/pdf/2nde/enseignants/2nde_Mini_Diagnostic_PROF_Corrige.pdf,fccf94b57d447067947bf268cb70b806c88610d9817c3dde4ea33c7680f784f5,non
dist/pdf/2nde/enseignants/2nde_S1_AIDES_Cartes.pdf,9cd0ce7fd5e06fca87f58f5e0551cd1474303c07a80f0a76b758d9723e28a236,non
dist/pdf/2nde/enseignants/2nde_S1_PROF_Fiche.pdf,345a299b3cadd342de54a039d458a8c93b479df582d42052c254d98ed8781db6,non
dist/pdf/2nde/enseignants/2nde_S2_AIDES_Cartes.pdf,34b5d9bd780c0e586ebeeb5b551f6dc20a1db950ecbffac9358347722b015658,non
dist/pdf/2nde/enseignants/2nde_S2_PROF_Fiche.pdf,e047de1f4949a83e0c251ffc98b9c5047132e1bcea179df8f4acb72e9abdcd1e,non
dist/pdf/2nde/enseignants/2nde_S3_AIDES_Cartes.pdf,b774c8f2ffd77fd40ab624a738509c0648462a2736bbd3667d4868912b6a502f,non
dist/pdf/2nde/enseignants/2nde_S3_PROF_Fiche.pdf,ec7569136076d2b8fcd152d4822f1ab090c38a7a1e0cbc8099b12c1a0c1f1a2a,non
dist/pdf/2nde/enseignants/2nde_S4_AIDES_Cartes.pdf,dbe162fe89b5cab2ce3f0b6c452196c9b197ffcd095539fbaec93081373385b5,non
dist/pdf/2nde/enseignants/2nde_S4_PROF_Fiche.pdf,a5235d3768ce4393e32ede45bd32824a8863b24ecc12f7b03e19fdc2ebae31ec,non
dist/pdf/2nde/enseignants/2nde_S5_AIDES_Cartes.pdf,453ba40d539638bd5dae0eed80f7a1824bbc4876a4171cf300cce057160da6ca,non
dist/pdf/2nde/enseignants/2nde_S5_PROF_Fiche.pdf,155694fe5c9fbf9252f706ec9cbe81ef8d040486ae5befa7bb727b0b48becd10,non
dist/pdf/2nde/enseignants/2nde_Tableau_Bord_Enseignant.pdf,1adfbcedef0c91f3ce2482ec3bf9383026e754e9282ad76e1bdd5e85b074a874,non
dist/pdf/2nde/enseignants/index.pdf,c3fedb3bff0a9eb4c9b1bbdad49b536f550a25eae63aa74693410a5392997294,non
dist/pdf/2nde/evaluations/2nde_Evaluation_Finale_ELEVE.pdf,a178816ba15817d2e23c7bb21a1ad5b79832824c0e18d18562d06b12ff35c7e3,non
dist/pdf/2nde/evaluations/2nde_Mini_Diagnostic_ELEVE.pdf,5aaefb3ee19abe487115728d56e04ef1b253adefdb190c71505ec7cb2dba76fb,non
dist/pdf/2nde/supports/2nde_S1_SUPPORTS_Manipulation.pdf,3613042e4851e94597f3962e2c4365b02b286a63cb7dcb358f01023e08958488,non
dist/pdf/2nde/supports/2nde_S2_SUPPORTS_Manipulation.pdf,d5822b048f2909f353a68f972598f3827e84f215e6eb5b6181a93bdb852d9043,non
dist/pdf/2nde/supports/2nde_S3_SUPPORTS_Manipulation.pdf,16dadb15711dcb1a3534b22f6c0672aef3204ed834d4aa1d1c051553eacc69ab,non
dist/pdf/2nde/supports/2nde_S4_SUPPORTS_Manipulation.pdf,374aa96e7340c26efa355fe30fef3ad59119c77fd9dba2ad9228a3b040495b3f,non
dist/pdf/2nde/supports/2nde_S5_SUPPORTS_Manipulation.pdf,17fc6bbf65f14efae9cd1d43bcd76711c59f212cf8f0dfb2bb46605a840343fd,non
dist/pdf/3e/eleves/3e_Portfolio_Individuel.pdf,eb1ea446ac0933aa800d736cd46240b16b1ded564f2b91f1186c1349e502ed52,non
dist/pdf/3e/eleves/3e_S1_ELEVE_Activite.pdf,22e57bff6e241923d27a9186722ba22a473c6b4c64dfb3b277049a2f7a0bb627,non
dist/pdf/3e/eleves/3e_S2_ELEVE_Activite.pdf,b9de9b3d503a116a0d079dea4ca08465d868b4fae56bac40996cdc37905ca19c,non
dist/pdf/3e/eleves/3e_S3_ELEVE_Activite.pdf,a25161d09386439b459ee89ee8b7641f3f806914f8f67d0876e9db95140466dc,non
dist/pdf/3e/eleves/3e_S4_ELEVE_Activite.pdf,7abed9ed1e0e75fc0476477f19c405a4cbc4f063e99fc2655d0809a8bf795a58,non
dist/pdf/3e/eleves/3e_S5_ELEVE_Activite.pdf,12c4634dcad67caf474c0af93eeb8c06df4983238d71394dc84893b06129fe36,non
dist/pdf/3e/enseignants/3e_Evaluation_Finale_PROF_Corrige_Bareme.pdf,d28e78645ac24237c2935915b0af9fbfc1ef3850cd97da5c949876f9b548a788,non
dist/pdf/3e/enseignants/3e_Guide_Formateur.pdf,59c8f1deb70d7eaa9754819ba52a0a4deb9ff3feb16ca579c25ce4a73c05c757,non
dist/pdf/3e/enseignants/3e_MASTER_Documentation_Stage.pdf,0accdae98bcc37bcba2d2760a8c3ea483f08d2b0369b7f2f2a2d3425e690c250,non
dist/pdf/3e/enseignants/3e_Mini_Diagnostic_PROF_Corrige.pdf,0d8688bf06edd26515e1f08c7af3f027267b927cd94d4aea946825dd6ea822b4,non
dist/pdf/3e/enseignants/3e_S1_AIDES_Cartes.pdf,e54e5f4d6fd3ee029d433166e0df5be4ca02a768b44d8b7d096c3fb0ef37cd2f,non
dist/pdf/3e/enseignants/3e_S1_PROF_Fiche.pdf,ce42f2624b1a4926d1cce7c708dcef21bc576b9d21dba7eb1ed7f0cae92b2a4e,non
dist/pdf/3e/enseignants/3e_S2_AIDES_Cartes.pdf,ea51f1ad8802e238328a157b0f77e9cab1bee53a15e124351ea5f7766dffabf2,non
dist/pdf/3e/enseignants/3e_S2_PROF_Fiche.pdf,d2a8aaf17b777eef1d61aef2c1049840ae8be8db4f05194fb4ef4c6cccbe0821,non
dist/pdf/3e/enseignants/3e_S3_AIDES_Cartes.pdf,88f95bc76defb81018fe444ad5b29e0b056e4a267bccef07bd8e00c65dedfb59,non
dist/pdf/3e/enseignants/3e_S3_PROF_Fiche.pdf,ee234a5448ebfa1b440ab5f4316c168d51ea7888e1b6f24d04f812ad9a9fc730,non
dist/pdf/3e/enseignants/3e_S4_AIDES_Cartes.pdf,4e5459c201a54d28e9a66de7fc7270c178d9d774a88974225435fc87f0568a2f,non
dist/pdf/3e/enseignants/3e_S4_PROF_Fiche.pdf,db02bc8713eb75f96cde558dc17e14419228c5d98a8f2b1e43ffd15b5b9ca3e9,non
dist/pdf/3e/enseignants/3e_S5_AIDES_Cartes.pdf,2ce9b8be8f22c12ff1c1cce6472d7f8c2ecbe9fd7cc757ed012fc2bfaeb53f2b,non
dist/pdf/3e/enseignants/3e_S5_PROF_Fiche.pdf,620864e25dbf3f3fad930005545839e1d04f0d07dc688e4ffbcd822faca74cfb,non
dist/pdf/3e/enseignants/3e_Tableau_Bord_Enseignant.pdf,82b4e0b64ef6eb53c44a75910ccc1bbd6415c983ced9f42531e159fd6ae91841,non
dist/pdf/3e/enseignants/index.pdf,ce8aa0cf35d6a698b44404b3e4834482abc1c1222580f83db589340a03c574c5,non
dist/pdf/3e/evaluations/3e_Evaluation_Finale_ELEVE.pdf,afcd65883f278582c91badf892b662e83eba3b3e57c1125799503c822d029888,non
dist/pdf/3e/evaluations/3e_Mini_Diagnostic_ELEVE.pdf,98b8aad285da24b24e23adeab19ccf1be7c129bdf7ba975ca8e3cc44ce8ea841,non
dist/pdf/3e/supports/3e_S1_SUPPORTS_Manipulation.pdf,200ff74e1e1ea05696808a52e47e18f7981275d875c7d28bbb4495e0a8050134,non
dist/pdf/3e/supports/3e_S2_SUPPORTS_Manipulation.pdf,76dc7a0b0b4eb913c9093e5e12bcb5d7d32d0c743c60caf39e687571b9348ecc,non
dist/pdf/3e/supports/3e_S3_SUPPORTS_Manipulation.pdf,48c603a4ae1f37c0ab35b80eea1d40b396fc58dc9d779e8ea9bb791a92fe8128,non
dist/pdf/3e/supports/3e_S4_SUPPORTS_Manipulation.pdf,691923c5cb3158f25c559ffb0f0096d0ca52306709e18b8f82dea2b5f6368081,non
dist/pdf/3e/supports/3e_S5_SUPPORTS_Manipulation.pdf,313e23446d6fb40c61eaa618198e9cce1b6c742221c8b79d5de21b982906ee7b,non
dist/pdf/4e/eleves/4e_Portfolio_Individuel.pdf,2cbf2cc59fe4e2a39b8cb20cf8261c76d938bf2efbe2d04c18f2f23e98c14bb9,non
dist/pdf/4e/eleves/4e_S1_ELEVE_Activite.pdf,06cc014a5a6cdb9c2cb88cc453915c7c061d5f29b54113c46b2b0e187a3e7f74,non
dist/pdf/4e/eleves/4e_S2_ELEVE_Activite.pdf,8cc36242e5ef062b5fcafc6a3f878b871af183b887582a115ff44289864f0c73,non
dist/pdf/4e/eleves/4e_S3_ELEVE_Activite.pdf,b792b057e43e160bb33f5f469c1d4792dbedca03ff5d79e09f39d4443c9d04b8,non
dist/pdf/4e/eleves/4e_S4_ELEVE_Activite.pdf,6bc8a82b7c3e3e27cc7a9076db7447d0618ec2a1709d85b924a05be3c2182d98,non
dist/pdf/4e/eleves/4e_S5_ELEVE_Activite.pdf,d9b9628f493f08a23b0250de59096558336bb361c738d8e42680c0536d10e380,non
dist/pdf/4e/enseignants/4e_Evaluation_Finale_PROF_Corrige_Bareme.pdf,212cf799568af0d9d29a08583d3a0369fd1d523465f38b8e76d6c6b79e683874,non
dist/pdf/4e/enseignants/4e_Guide_Formateur.pdf,a1c3cb15dc67ff9801614162ebaa8577fa94f7fe008ac21094b1efe84f8f6eba,non
dist/pdf/4e/enseignants/4e_MASTER_Documentation_Stage.pdf,bc3a5c7e1b3848ff78c2d3875e09f2efff27e559cd4762c7134490d99b8fd85c,non
dist/pdf/4e/enseignants/4e_Mini_Diagnostic_PROF_Corrige.pdf,0389dc921feacd3f2980ff925ef2b7b28b968f65667c360ea16a501e00d80d3d,non
dist/pdf/4e/enseignants/4e_S1_AIDES_Cartes.pdf,567585921b1f9e4d932888daff976aa37567573e80ba16ad61bd5bad92438b8b,non
dist/pdf/4e/enseignants/4e_S1_PROF_Fiche.pdf,85bca13390910b30e81d5de52020eacb9f217216723fc241bfaba4fa94cbb022,non
dist/pdf/4e/enseignants/4e_S2_AIDES_Cartes.pdf,7c1a07564b0344d0782a87e6cd3b0c451bb9d19b6dcdf0f031e5b6240901a4f6,non
dist/pdf/4e/enseignants/4e_S2_PROF_Fiche.pdf,753e000478614309268712df9964fa857832396b404de0b89bace9b1855323da,non
dist/pdf/4e/enseignants/4e_S3_AIDES_Cartes.pdf,6d4e261e82e308f2b164fc597c8783e06d17a6109e10c32578adf74b00f6680c,non
dist/pdf/4e/enseignants/4e_S3_PROF_Fiche.pdf,1b95138d8c41d7fd38a78f97a1c1e6772b42b1c16f0cfc36f774b0be2c5aba8d,non
dist/pdf/4e/enseignants/4e_S4_AIDES_Cartes.pdf,b671052d52bd2ed11adf846fa18b240208635b78b3e0eff1809e4cf46dccbc3a,non
dist/pdf/4e/enseignants/4e_S4_PROF_Fiche.pdf,ae78c15278017ceb8156ff5a5934845b2edbc7f786ec5b31c538f830c2c0d796,non
dist/pdf/4e/enseignants/4e_S5_AIDES_Cartes.pdf,5eee52eed07ddd22c7d0c9f4f6ec7f463aff063cf610492ba0dc461512cec902,non
dist/pdf/4e/enseignants/4e_S5_PROF_Fiche.pdf,9d38a605832e5b561fd221565f263e2688fe817dbb7abc7e0ad9f135bac06194,non
dist/pdf/4e/enseignants/4e_Tableau_Bord_Enseignant.pdf,3a6b8e96fdec2611b0a75a63716598f393243f27864b6c01373df7ba48b83e26,non
dist/pdf/4e/enseignants/index.pdf,850e88ca0fca9fa67b1ffcfb2443228bc1583b4625558d1ea786b0d1df12b5d6,non
dist/pdf/4e/evaluations/4e_Evaluation_Finale_ELEVE.pdf,6c162742435829b76e3d64c4e3a1c526534b959a3321fefad3de16702b36fd23,non
dist/pdf/4e/evaluations/4e_Mini_Diagnostic_ELEVE.pdf,41564c799650db3bd2fce5ae2f556d1c0a1677573acff45b265a722eb1ba6410,non
dist/pdf/4e/supports/4e_S1_SUPPORTS_Manipulation.pdf,7b369727beabb20a76327181b87dc3430a6c7382b69f13b9993194d4e03cc1a4,non
dist/pdf/4e/supports/4e_S2_SUPPORTS_Manipulation.pdf,a52937ae3d94e43be368393d045d63d5568a29512de72a48255f92ce6073c68f,non
dist/pdf/4e/supports/4e_S3_SUPPORTS_Manipulation.pdf,6c23a597a7ebe7f23dc9c26e7a0e206f930f4da207e36755b81af158ee452fad,non
dist/pdf/4e/supports/4e_S4_SUPPORTS_Manipulation.pdf,f4fa429013746d515fe7ecaf0c037ede655fc4fb3d6be3f4ae61466142c56bab,non
dist/pdf/4e/supports/4e_S5_SUPPORTS_Manipulation.pdf,77c2c7d39fe6ca5ae3c2bf160d112288122534b8f50b81435e6e4085f670dd00,non
dist/packs/eleves/1ere_spe_PACK_ELEVE_COMPLET.pdf,3660daec93e76bbc16b4ab6b9d33e153e4ccf1a0ffd8b2fee2669ff0e2e47463,non
dist/packs/eleves/1ere_spe_PACK_EVALUATIONS_ELEVE.pdf,9d381dafec76e2d6a36ed3744a1eaee2e56a7a1cc6e0c8dd18b62824a41c8f84,non
dist/packs/eleves/1ere_spe_S1_PACK_ELEVE.pdf,215a3c6b1827e426bfc4606dfd2c6ef0e6e73c54161e9279128b66ff108d99c3,non
dist/packs/eleves/1ere_spe_S2_PACK_ELEVE.pdf,0d4c8f0a942574813d3ecf6416db6f96f050eeeaf7693f8d3128e0daef5e12c4,non
dist/packs/eleves/1ere_spe_S3_PACK_ELEVE.pdf,5acd67aeb23a2d3258ac9bb7458250645215b8b01606a62b386db11ebbc6f7c6,non
dist/packs/eleves/1ere_spe_S4_PACK_ELEVE.pdf,88c6e014fdff0e67a0e6db88e81cc6580aeb5b42d1689a53233e4080eddbfe40,non
dist/packs/eleves/1ere_spe_S5_PACK_ELEVE.pdf,9117e83ef1b784cd3fb2a849be9d31845762c2680197ddbc575f3dc9600988d8,non
dist/packs/eleves/2nde_PACK_ELEVE_COMPLET.pdf,35450137c7b7304de3a034e181cfd84e147f0fca913d3299e308ec15f233b671,non
dist/packs/eleves/2nde_PACK_EVALUATIONS_ELEVE.pdf,1a723115721c5cdeb6f713c380feefd120a1d6f5ae9dd711539ea0a3ec02b70b,non
dist/packs/eleves/2nde_S1_PACK_ELEVE.pdf,d18ee348ac85a1a7bac06c13e5655b0cb19a6d6bc782876710b1b760cfd09d4f,non
dist/packs/eleves/2nde_S2_PACK_ELEVE.pdf,7cc164304860c334b63a713c512972f772ff44760122284e6f0ddc1de595b1ec,non
dist/packs/eleves/2nde_S3_PACK_ELEVE.pdf,2f4587664e7f118a0fc99f5ab8306bff7053f7f1591a627a952988577100c883,non
dist/packs/eleves/2nde_S4_PACK_ELEVE.pdf,794669156c287d350d74508315fd2b75524ed5ccd502b45944668254457a4d21,non
dist/packs/eleves/2nde_S5_PACK_ELEVE.pdf,23144780f276ab26dd1e7db6648a615d802ded6b3aed63d0ab5fc431845618ca,non
dist/packs/eleves/3e_PACK_ELEVE_COMPLET.pdf,12587a2feee512f08f7e80320994adad190c4e42f8027580c145eb0b86d0a9f2,non
dist/packs/eleves/3e_PACK_EVALUATIONS_ELEVE.pdf,6d75ecbbc28cf48c81862229359a8aee86daadbf357430cf9e0b072c0d3123a0,non
dist/packs/eleves/3e_S1_PACK_ELEVE.pdf,6abfe840906923d9fc5d0bcbd0ce4ad85a2f5e3010371f18d1fa3a4c80c3e9d8,non
dist/packs/eleves/3e_S2_PACK_ELEVE.pdf,9e030cb402daa59339231eb470268abb5006646d807f97a5e7151cedbaa3e763,non
dist/packs/eleves/3e_S3_PACK_ELEVE.pdf,a30c7f081162fcce2d0ffbe778c731aa65056d3c800dff4b3d309cf82b382d2a,non
dist/packs/eleves/3e_S4_PACK_ELEVE.pdf,1f8c153fc7a5a80d5993ecc0fc5c083f9650d59a0159aa586ce1ad2844e2d147,non
dist/packs/eleves/3e_S5_PACK_ELEVE.pdf,2842c9513ebad0a9c0491cfb7a71481f24f889b3638908248e701fd3c9764336,non
dist/packs/eleves/4e_PACK_ELEVE_COMPLET.pdf,6da59702ad7b44d60bb633a162c4dd0f47ada83afa6f9f5f132b9291c88688ac,non
dist/packs/eleves/4e_PACK_EVALUATIONS_ELEVE.pdf,002d956440308a45fdb754a28beb1f25d9eb18d4f285f811b1bc2523f489b849,non
dist/packs/eleves/4e_S1_PACK_ELEVE.pdf,860b21078749f10fbad3514bd6c0878d0295b82e3f2bec6a0cc9776a0ac6baaa,non
dist/packs/eleves/4e_S2_PACK_ELEVE.pdf,4ebb814f51896458d0c3a1ec289ebaeb70738b20c0eed96826f17b864bb1f139,non
dist/packs/eleves/4e_S3_PACK_ELEVE.pdf,0947d39886083545eed5bcd053fd197f91998e95af47e7426440e4db904a991d,non
dist/packs/eleves/4e_S4_PACK_ELEVE.pdf,0bfdce1541143e3ae181b4fee8e5709ffbc933baa551ab58954a6b1dca9a6b58,non
dist/packs/eleves/4e_S5_PACK_ELEVE.pdf,e7aba0b58e92d7acd16018287bbc715003e5b4bc28768c43677c7d43474bdb27,non
dist/packs/enseignants/1ere_spe_PACK_ENSEIGNANT_COMPLET.pdf,61438b2fc394fe0956ba879ab292fbd1c6ba16c72253b9a79081c4d5ac24e535,non
dist/packs/enseignants/1ere_spe_PACK_EVALUATIONS_CORRIGE.pdf,69cd3df86839bea74b95c5da7d038cb031d715dc1d357744be5c6b458571d88d,non
dist/packs/enseignants/1ere_spe_S1_PACK_ENSEIGNANT.pdf,70684ce3d45f4406e601e06982a718a73404dc46fcf07e1706bcfb4ad5ba4222,non
dist/packs/enseignants/1ere_spe_S2_PACK_ENSEIGNANT.pdf,e3b33fec3371364232198af82f2671c9ab65428d96fb151339da58145fd7cf90,non
dist/packs/enseignants/1ere_spe_S3_PACK_ENSEIGNANT.pdf,e70659498ce577059077d9c131461ac1c7c29f7e5eea7932a79b99091cfdda28,non
dist/packs/enseignants/1ere_spe_S4_PACK_ENSEIGNANT.pdf,3c13b81424c0b2b2dae588d0bc45db0a12f1b6285ee95b7cee8a52a9641b7cc3,non
dist/packs/enseignants/1ere_spe_S5_PACK_ENSEIGNANT.pdf,79a1e2d01caee05d7c6915fed965c7e362489e7374039df1b25de4f6280a3f62,non
dist/packs/enseignants/2nde_PACK_ENSEIGNANT_COMPLET.pdf,2497ef08808cccbf49ff0a62496de78eb01b5ea91622646241edf90f9fb9fce1,non
dist/packs/enseignants/2nde_PACK_EVALUATIONS_CORRIGE.pdf,01b2777a259f90168ce629efcb38ce93147a0b88ada4edf934fbb62b1927ff1f,non
dist/packs/enseignants/2nde_S1_PACK_ENSEIGNANT.pdf,657ae007e87f60ec938bc66a22274f2b1f491e282f3f20be70894f7922767cae,non
dist/packs/enseignants/2nde_S2_PACK_ENSEIGNANT.pdf,39fd2b82d1a5f6f62918bebbd348cff1915759b427d81c66111554340ba508b1,non
dist/packs/enseignants/2nde_S3_PACK_ENSEIGNANT.pdf,a08b7c2385cb12e338e22400986e54ced024c44016629e772c22c9f522dfbcdb,non
dist/packs/enseignants/2nde_S4_PACK_ENSEIGNANT.pdf,c08974fa245519957823b716b295bd29ba94c126efa2ffbc061772ec7ba3f422,non
dist/packs/enseignants/2nde_S5_PACK_ENSEIGNANT.pdf,ab179e7eade299cc3cbcfa4faefe2b9f210df66c4a0a61e7617c7135b22ede67,non
dist/packs/enseignants/3e_PACK_ENSEIGNANT_COMPLET.pdf,c61bcb02af035a403c5cd98011ca94f6d7ef4f6c04ce733713b999c75903ddfd,non
dist/packs/enseignants/3e_PACK_EVALUATIONS_CORRIGE.pdf,b87c0f714ca56a4090c1041a80d4da4bf844f6b62b119475bc6aab3dfb1e61f1,non
dist/packs/enseignants/3e_S1_PACK_ENSEIGNANT.pdf,100149dcebbdb1d7b082e2177d19418c94d1080a631ba47df029933c69870328,non
dist/packs/enseignants/3e_S2_PACK_ENSEIGNANT.pdf,d3f3ad9d5f3f65def58849cc39747be0f293a46c2e136a16f588373eb771c593,non
dist/packs/enseignants/3e_S3_PACK_ENSEIGNANT.pdf,d6636517dbb196bde36eb9580f3b9f4866a580c6f5730f8dee367f8031b106b0,non
dist/packs/enseignants/3e_S4_PACK_ENSEIGNANT.pdf,7404a0ef3eae2409b218d75124fe813701941810395670440984397ea30a42d7,non
dist/packs/enseignants/3e_S5_PACK_ENSEIGNANT.pdf,a03f6bee0ad5cc2eeca9552e24d2c029fb79bb5f480a1c8c7c3bb51419e72010,non
dist/packs/enseignants/4e_PACK_ENSEIGNANT_COMPLET.pdf,011e610ec6ddc69279f49859430cc81a816c58ae88751bc768eb1c892c7abe5f,non
dist/packs/enseignants/4e_PACK_EVALUATIONS_CORRIGE.pdf,5af6beec77103e599141d911fb7627e5b49b1cddafac92aac8d82fe4833ab59a,non
dist/packs/enseignants/4e_S1_PACK_ENSEIGNANT.pdf,6d383a78222774ac75a014c3c844860b27e53ac2abe6b8b92bf398a4b5cf1e74,non
dist/packs/enseignants/4e_S2_PACK_ENSEIGNANT.pdf,bd7158096deb044ba8b47f63214e5e1af1335875d1c119492d18766a284bcc25,non
dist/packs/enseignants/4e_S3_PACK_ENSEIGNANT.pdf,16507dfc14903e6f5aef5cca083118536520af3638e5003fad79137702649eee,non
dist/packs/enseignants/4e_S4_PACK_ENSEIGNANT.pdf,4f5eb6b30b4b367917b28398551eed8c537e2258cde1d6eec9df9d4d5782fbc7,non
dist/packs/enseignants/4e_S5_PACK_ENSEIGNANT.pdf,8a00491875aff3b63594926fa1d8ba0e86de0888dfbdcb6ddd67359f4270c388,non
