path,sha256,confidential
dist/site-private/1ere_spe/00_MASTER/1ere_spe_MASTER_Documentation_Stage.html,3f2066ed507926d83e1a3bbc52b2fde54a699e2ccde24146ca85adb09df8a27f,oui
dist/site-private/1ere_spe/00_MASTER/index.html,537a242a8d3dfa9f43b83ce63c20e9dcc17cc3a4cc3ac2b7dc77d89999df8013,oui
dist/site-private/1ere_spe/01_ENSEIGNANT/1ere_spe_Guide_Formateur.html,70f5144c086cd5cd9434210fa29980a0e93c308f39672fd2afb79a3c187497a3,oui
dist/site-private/1ere_spe/01_ENSEIGNANT/1ere_spe_Tableau_Bord_Enseignant.html,fe7d523250bcc631e788396645296ab75a77ac2e495e545515c9af80bb4b5087,oui
dist/site-private/1ere_spe/02_SEANCES/S1/1ere_spe_S1_AIDES_Cartes.html,acae3a960b48b2ba9da7884711b20666929a585ba9650dfd236d7435fa9000c3,oui
dist/site-private/1ere_spe/02_SEANCES/S1/1ere_spe_S1_ELEVE_Activite.html,0907448aabf67cc6370214de1a00faff7029e59ccb5198cef8927eb5b2325de5,oui
dist/site-private/1ere_spe/02_SEANCES/S1/1ere_spe_S1_PROF_Fiche.html,4c25958de29221f247bbc02534446be5f85f5d0341c52d71962e1daf0fced725,oui
dist/site-private/1ere_spe/02_SEANCES/S1/1ere_spe_S1_SUPPORTS_Manipulation.html,2f7e0142d8360a828dca62d26c121232f139d90fa6b186a2abe04b5922922cc8,oui
dist/site-private/1ere_spe/02_SEANCES/S2/1ere_spe_S2_AIDES_Cartes.html,29d62803e2e1ff105e3d2016db75ce89b406c2d9395cd4c2f3655bc3fedff81f,oui
dist/site-private/1ere_spe/02_SEANCES/S2/1ere_spe_S2_ELEVE_Activite.html,cf40093f89b5d1cdf21bf13ba60d5b87523e893c995b669528dc4ba0793ee270,oui
dist/site-private/1ere_spe/02_SEANCES/S2/1ere_spe_S2_PROF_Fiche.html,e1a785f3b1280866b10a00fa1456631db87b893559b6bcebc735f0d8b1804b30,oui
dist/site-private/1ere_spe/02_SEANCES/S2/1ere_spe_S2_SUPPORTS_Manipulation.html,8d2490c82c1c8015e92cf0f1423866fd892bed940f798dae40b439ee68f5c83e,oui
dist/site-private/1ere_spe/02_SEANCES/S3/1ere_spe_S3_AIDES_Cartes.html,5edb637a8836ba5f7a3a0b187cc03a4c8ebf8849de1c81d143963ccc2c5c41fb,oui
dist/site-private/1ere_spe/02_SEANCES/S3/1ere_spe_S3_ELEVE_Activite.html,0b5bfacb470f92ac1a803f8fa218ad6ffeb866e952d88dedd6ce4262a7e2f3fe,oui
dist/site-private/1ere_spe/02_SEANCES/S3/1ere_spe_S3_PROF_Fiche.html,678ba6e94d9ab20824ba9f23d8166d5e13fb295fd41780967528960ea5c50bb5,oui
dist/site-private/1ere_spe/02_SEANCES/S3/1ere_spe_S3_SUPPORTS_Manipulation.html,2b591c7a87252cad1d5f947a4e4fbea1f110b5030517df10d2de6894e005df9f,oui
dist/site-private/1ere_spe/02_SEANCES/S4/1ere_spe_S4_AIDES_Cartes.html,aaca70ee89d825a21f88ff7bf3a64d23d51d1b507299138951a2a51350f3e8a2,oui
dist/site-private/1ere_spe/02_SEANCES/S4/1ere_spe_S4_ELEVE_Activite.html,974b7d97ba8faf1eab104229b2bcc99ddb914d9c7fe562753540c69457fae4ff,oui
dist/site-private/1ere_spe/02_SEANCES/S4/1ere_spe_S4_PROF_Fiche.html,12815ee1df9378236320c9ec0da7081964e278ec9b2105c64792bc71a3100f73,oui
dist/site-private/1ere_spe/02_SEANCES/S4/1ere_spe_S4_SUPPORTS_Manipulation.html,280edd1db8ce48846ce2c696c5ed822ebfc14b97790b1a102f7bc009b93b42f2,oui
dist/site-private/1ere_spe/02_SEANCES/S5/1ere_spe_S5_AIDES_Cartes.html,6146ec18ea25510281fdf155942d6b77b952f080aae7bd3be4df5143ea2f8e23,oui
dist/site-private/1ere_spe/02_SEANCES/S5/1ere_spe_S5_ELEVE_Activite.html,aff81a077b8801d7d2bf001a1dafaeab3b4dc4fdd9063df6d7f960cd460eda9b,oui
dist/site-private/1ere_spe/02_SEANCES/S5/1ere_spe_S5_PROF_Fiche.html,8dc175051e4302e2a359dd1e108defc35b077b552ce4b541c6e81d8265e2995f,oui
dist/site-private/1ere_spe/02_SEANCES/S5/1ere_spe_S5_SUPPORTS_Manipulation.html,61aff7bbacb865bd26c854f9d89730ee2cf95a1b55ac5c1c13f895cd0cbc72cd,oui
dist/site-private/1ere_spe/03_EVALUATIONS/1ere_spe_Evaluation_Finale_ELEVE.html,dced321fb4f8c688ab4a77711d3ee575f286494d702ec8a64f9e751dadbf8fe0,oui
dist/site-private/1ere_spe/03_EVALUATIONS/1ere_spe_Evaluation_Finale_PROF_Corrige_Bareme.html,bf269cbd4a6110b173255fdf69fb9a596632d68ca0f942a069c1e2fb94434ae4,oui
dist/site-private/1ere_spe/03_EVALUATIONS/1ere_spe_Mini_Diagnostic_ELEVE.html,40908034639c6cca728eee52ddd929a716034e6a0554b961b1bdbd183ca20226,oui
dist/site-private/1ere_spe/03_EVALUATIONS/1ere_spe_Mini_Diagnostic_PROF_Corrige.html,068dfe87909762d41899f36b9d232901e2b0bb79da595289dc029dc495ea814e,oui
dist/site-private/1ere_spe/03_EVALUATIONS/1ere_spe_Portfolio_Individuel.html,f7d224bf9f951e4394d8781244b2d6f6115c463b9e4cfe64622d04b142d22c0e,oui
dist/site-private/1ere_spe/04_NOMINATIFS/Ahmad_Beldi/1ere_spe_Dossier_Individuel_Ahmad_Beldi.html,5ed430bcc6c383e2e5758b0af9f9c2e068a560d9558a42e4b34f245c5430feba,oui
dist/site-private/1ere_spe/04_NOMINATIFS/Ahmad_Beldi/1ere_spe_Remediation_Ciblee_Ahmad_Beldi_ELEVE.html,f912bcd33f888081709a2e09cdf97baffe10e0d8b1046863b6e3210f524f0806,oui
dist/site-private/1ere_spe/04_NOMINATIFS/Ahmad_Beldi/1ere_spe_Remediation_Ciblee_Ahmad_Beldi_PROF_Corrige.html,9e7c5fc78814256bd0010743d1011e0ade7ca0e38995d7a699fb2901e6fe7dee,oui
dist/site-private/1ere_spe/04_NOMINATIFS/Donia_Khadhrani/1ere_spe_Dossier_Individuel_Donia_Khadhrani.html,8047a39cf4267ce3a8b70f3636176a5ebfade2b172934527294368ea917f8f8d,oui
dist/site-private/1ere_spe/04_NOMINATIFS/Donia_Khadhrani/1ere_spe_Remediation_Ciblee_Donia_Khadhrani_ELEVE.html,eba25861b06296eb28f1fe98491526759d5d256f2796de20cc3edeb1d82cad5b,oui
dist/site-private/1ere_spe/04_NOMINATIFS/Donia_Khadhrani/1ere_spe_Remediation_Ciblee_Donia_Khadhrani_PROF_Corrige.html,e2b190340e23c08ed8ceb93d8c80b9b53dc9ca2d50559b0c22ee1143f43a176c,oui
dist/site-private/1ere_spe/04_NOMINATIFS/Malek_Khadhrani/1ere_spe_Dossier_Individuel_Malek_Khadhrani.html,cda00c9f9084246802e78fe09e5ff945635727998333443528e2470a700348ac,oui
dist/site-private/1ere_spe/04_NOMINATIFS/Malek_Khadhrani/1ere_spe_Remediation_Ciblee_Malek_Khadhrani_ELEVE.html,79292fb5226717c78a3a4a666afe69c7d21c69c3c542f52ea6e4c8ef49643d05,oui
dist/site-private/1ere_spe/04_NOMINATIFS/Malek_Khadhrani/1ere_spe_Remediation_Ciblee_Malek_Khadhrani_PROF_Corrige.html,9b6596a43208134714c2b4e55433286378572c34b34a878eaa73adc195c2f068,oui
dist/site-private/1ere_spe/index.html,d47834ec5ee21e0dd18b61f35d6a1100ef7ce6c6a78eb1481afa852d48898d46,oui
dist/site-private/2nde/00_MASTER/2nde_MASTER_Documentation_Stage.html,5bb3b085d1e1025bb50cffad291c27a6f212bd918a6671f6f4724d87102f43be,oui
dist/site-private/2nde/00_MASTER/index.html,0fb2a5beaae9ffcb23ba55a0fffa8ee4ec673cfd4ec8618a73af2c9179ba572d,oui
dist/site-private/2nde/01_ENSEIGNANT/2nde_Guide_Formateur.html,e7a31ec25143641ee6aad31aa3f146fa83d953c7935e8b54bae2df7892d1f82f,oui
dist/site-private/2nde/01_ENSEIGNANT/2nde_Tableau_Bord_Enseignant.html,3ba310ddef232efe76524dd2bab8c20255fe9c47aaca49bad273de5a5140a393,oui
dist/site-private/2nde/02_SEANCES/S1/2nde_S1_AIDES_Cartes.html,084eadfea3e2a6f14c879b8b34ea95b61280147f2b74979e400e6b67757752d6,oui
dist/site-private/2nde/02_SEANCES/S1/2nde_S1_ELEVE_Activite.html,1a6366312334bea32b89cfd78b4f9657a9e5bbaebf2504d351881e45616230dd,oui
dist/site-private/2nde/02_SEANCES/S1/2nde_S1_PROF_Fiche.html,b52e627b82a2782670acddab3ea641574d108606da9bd0c338f3cb9f300651d7,oui
dist/site-private/2nde/02_SEANCES/S1/2nde_S1_SUPPORTS_Manipulation.html,905fb4e8cad112f9c9dad76aef52745a8c264d88a1a1f76cf36bc31c85811afc,oui
dist/site-private/2nde/02_SEANCES/S2/2nde_S2_AIDES_Cartes.html,a181d90e87b90c4caf17c9c935e73880cef1d1d053076bbcbff88a76b6849c20,oui
dist/site-private/2nde/02_SEANCES/S2/2nde_S2_ELEVE_Activite.html,859a95928ae903a905c242d777fc49276e22aa83b4bcd23f7616e6f7758fabae,oui
dist/site-private/2nde/02_SEANCES/S2/2nde_S2_PROF_Fiche.html,61462ec2b64e9761bf08e1ca739e63d01d5f769ca5b445dea96e16e9f9b62d50,oui
dist/site-private/2nde/02_SEANCES/S2/2nde_S2_SUPPORTS_Manipulation.html,4af2e64b1a62e65ab26d956bbd51ffbc2a818ad28c1f240ec49802e919ee9013,oui
dist/site-private/2nde/02_SEANCES/S3/2nde_S3_AIDES_Cartes.html,0b0a1c56b0d9d7ac320613e2b716d97b61d2aa5e17670f9ed8e7f37b3d768ae5,oui
dist/site-private/2nde/02_SEANCES/S3/2nde_S3_ELEVE_Activite.html,5185e1d01169bc17eabf5611142d74c89164e5b819ad5e02a49a6cc5f9dbe609,oui
dist/site-private/2nde/02_SEANCES/S3/2nde_S3_PROF_Fiche.html,c1d4c106f301e46e89a91cf2e2070f5a13a5ba7b131b64f37f69a050d163b546,oui
dist/site-private/2nde/02_SEANCES/S3/2nde_S3_SUPPORTS_Manipulation.html,755c64745f88a58892d375cc135c686d4f53db7ad392e99c69e1b03abb376583,oui
dist/site-private/2nde/02_SEANCES/S4/2nde_S4_AIDES_Cartes.html,2820781f703d3b78fa8079feead1a4e05f47c7d8aa546d81874df44438a4fe52,oui
dist/site-private/2nde/02_SEANCES/S4/2nde_S4_ELEVE_Activite.html,8324033fcf485f11d96fea6cad9c75c7c2a0a25d6fe2f0dff3df3654a3b143bb,oui
dist/site-private/2nde/02_SEANCES/S4/2nde_S4_PROF_Fiche.html,c2753d46b4b7c44fa2cac9555e1a1b55583454aeddbd01b3e85f28b00165802b,oui
dist/site-private/2nde/02_SEANCES/S4/2nde_S4_SUPPORTS_Manipulation.html,047af39e4c4a0fb0f99104a510b1794d31d273c9f4fff2144c475e6ba4318798,oui
dist/site-private/2nde/02_SEANCES/S5/2nde_S5_AIDES_Cartes.html,c347c5723a92ec87eaf1588c3c5b0cfa75fc99327b32e7d5b9e4c90a62b2854c,oui
dist/site-private/2nde/02_SEANCES/S5/2nde_S5_ELEVE_Activite.html,c5c6f9b3eb4ded811f75af820adc23dee691cd217376e14b45932b36d6d74427,oui
dist/site-private/2nde/02_SEANCES/S5/2nde_S5_PROF_Fiche.html,2e588d8f1416e9723217e890990944afa60547ecb88a569e88331ca3e94ecba8,oui
dist/site-private/2nde/02_SEANCES/S5/2nde_S5_SUPPORTS_Manipulation.html,7f2b68fda26d17daa57c5a78515c8fca1c9e1ac1650fae55707ee4e68f5e790f,oui
dist/site-private/2nde/03_EVALUATIONS/2nde_Evaluation_Finale_ELEVE.html,8081f0377508649e140b07f5f8a000c9a929afa72f8a52e5861c76abfdaee00a,oui
dist/site-private/2nde/03_EVALUATIONS/2nde_Evaluation_Finale_PROF_Corrige_Bareme.html,b239c984937dac35e73e6b3996e2959120016c9dc9f1b70cbb31633f883bb93b,oui
dist/site-private/2nde/03_EVALUATIONS/2nde_Mini_Diagnostic_ELEVE.html,e69da995d47b24835583b40c52fcf4d72a4967a0259f292804ba877fff1d7fa7,oui
dist/site-private/2nde/03_EVALUATIONS/2nde_Mini_Diagnostic_PROF_Corrige.html,6e4dc25a95c0757b932e96ef2abdabfa136cdd4e4e065868325ec98293e7469b,oui
dist/site-private/2nde/03_EVALUATIONS/2nde_Portfolio_Individuel.html,808600999771bf22deed138b3c99b50d19711998ddd0551b9d1ce39d75c09dab,oui
dist/site-private/2nde/04_NOMINATIFS/Ahmed_Bakir/2nde_Dossier_Individuel_Ahmed_Bakir.html,151b132e51bc0c71cb92166352a0af002455487296b3c56f20974672bd72c63c,oui
dist/site-private/2nde/04_NOMINATIFS/Ahmed_Bakir/2nde_Remediation_Ciblee_Ahmed_Bakir_ELEVE.html,ff424b7a313645c7f86226e2bdea027e8514c344ffca6f1955bf63b8aeb175fd,oui
dist/site-private/2nde/04_NOMINATIFS/Ahmed_Bakir/2nde_Remediation_Ciblee_Ahmed_Bakir_PROF_Corrige.html,ce45eed2600cf3629d310253097dcbac870679c03fa3fdb6ccde21c550969658,oui
dist/site-private/2nde/04_NOMINATIFS/Noa_Maniaci/2nde_Dossier_Individuel_Noa_Maniaci.html,44cfa7ab18178ca3185dca7da07dbe2161180a46dd14ccd960a6387f25dff7be,oui
dist/site-private/2nde/04_NOMINATIFS/Noa_Maniaci/2nde_Remediation_Ciblee_Noa_Maniaci_ELEVE.html,9bbc0668e7ddca39990b5fa04ca2418b00d9210e4aeca0a135507d1701c3fbe7,oui
dist/site-private/2nde/04_NOMINATIFS/Noa_Maniaci/2nde_Remediation_Ciblee_Noa_Maniaci_PROF_Corrige.html,ac2019b8612624f1ec2bdf184a3a795de7c92fac278d570a286c11e31bd6b7c3,oui
dist/site-private/2nde/index.html,2b586b6431ad8a5102063b902c783f21068078d81c9d447a0352885a65466cdc,oui
dist/site-private/3e/00_MASTER/3e_MASTER_Documentation_Stage.html,a3531178799090ca02c1e2ad1dd860c27032e470bc526a82c8a1b41a5a5517de,oui
dist/site-private/3e/00_MASTER/index.html,cee5f757efcfe7d7d3d13d2a0837b0f6bb7346479b7a1fe6e8fe12b2b5b6f0a2,oui
dist/site-private/3e/01_ENSEIGNANT/3e_Guide_Formateur.html,506629cd8287228c84f310119835a7f4b0b8839ca0f28915045c4a936e02cbe9,oui
dist/site-private/3e/01_ENSEIGNANT/3e_Tableau_Bord_Enseignant.html,d6adefff30d28eca047b180041c46ce526ccea5992c79e988ce707aa317da60e,oui
dist/site-private/3e/02_SEANCES/S1/3e_S1_AIDES_Cartes.html,d3be36ba8fd50a4fb2b7de8757d4a464478240b8263aa5b7b08bc3fd39626464,oui
dist/site-private/3e/02_SEANCES/S1/3e_S1_ELEVE_Activite.html,5f5c0c6487767a57e84b3c01e63f2bd1bb1ec6f8e11edfbcfadff8cfad6e0459,oui
dist/site-private/3e/02_SEANCES/S1/3e_S1_PROF_Fiche.html,64c412a6dc54879a69123cb82ea94f2b0e2371a43b6b86eaafe3546855b456de,oui
dist/site-private/3e/02_SEANCES/S1/3e_S1_SUPPORTS_Manipulation.html,0482073397fe734ecbb021161d0c8274785e6a22ecfba3d5f4616261a38726de,oui
dist/site-private/3e/02_SEANCES/S2/3e_S2_AIDES_Cartes.html,4a99a461e658c0b4be09e5184b03135658cb5a79741546162d141112f729e716,oui
dist/site-private/3e/02_SEANCES/S2/3e_S2_ELEVE_Activite.html,a085e02618ba2af221b97ad206eba485870b074eef14b365c5ec15f92f5ae4ef,oui
dist/site-private/3e/02_SEANCES/S2/3e_S2_PROF_Fiche.html,03c62ebbce0766a9294c0161105bdc6422103b05cf3ba5ddf177b39bbf11a9b0,oui
dist/site-private/3e/02_SEANCES/S2/3e_S2_SUPPORTS_Manipulation.html,7ffe850fa2c6686c49007567255143c40e2edc79ff4f22c22105c727bc75b280,oui
dist/site-private/3e/02_SEANCES/S3/3e_S3_AIDES_Cartes.html,ccc3d6aa3dbaeb2315bfea692548487f36ba8e82bb43e7c7c87013e38c03390e,oui
dist/site-private/3e/02_SEANCES/S3/3e_S3_ELEVE_Activite.html,3384d986f9cee7e8c7b28e8e50e78e8da657245911ed96adcea7de462c2f3195,oui
dist/site-private/3e/02_SEANCES/S3/3e_S3_PROF_Fiche.html,d9922723b3155007654f36ff49e1a5baa95c0c9b590cab0a0656896de8bc00a1,oui
dist/site-private/3e/02_SEANCES/S3/3e_S3_SUPPORTS_Manipulation.html,94be7aaf4449b09ac03e85bf5da73827eb8160ea744c267b77a18bb23733c9b1,oui
dist/site-private/3e/02_SEANCES/S4/3e_S4_AIDES_Cartes.html,207c87ebcfa0340949c55bc4e3f15ab2fc785ec8c40a08ec23cc4cf4cc9036d3,oui
dist/site-private/3e/02_SEANCES/S4/3e_S4_ELEVE_Activite.html,3276d6f174e90bbc7ac3c86af81a98b4680e49e494872633abf147d1f542f29d,oui
dist/site-private/3e/02_SEANCES/S4/3e_S4_PROF_Fiche.html,51e10346896f7763b9590b25e21956fd82783e9e47dd4dabdde1757c113ee68f,oui
dist/site-private/3e/02_SEANCES/S4/3e_S4_SUPPORTS_Manipulation.html,8c393946d7c489c57228b93b52e217454f599285b36ad6ada8be986a7769e019,oui
dist/site-private/3e/02_SEANCES/S5/3e_S5_AIDES_Cartes.html,2fd5263c573371cb5d4b0b3ad3af7ca8fe8eab44734b0d60e0c89f0ca124ba6c,oui
dist/site-private/3e/02_SEANCES/S5/3e_S5_ELEVE_Activite.html,930b8f78bb55cf738f9d370c6414b49a71fdd1f71c34de7e71a831eb776ead5f,oui
dist/site-private/3e/02_SEANCES/S5/3e_S5_PROF_Fiche.html,ca922c6be4c3fb240fe4419a128c6182a5d90a9fe0289a503af1e9dfe4128669,oui
dist/site-private/3e/02_SEANCES/S5/3e_S5_SUPPORTS_Manipulation.html,c481807d25af000609a6d887ce8539646e4c2251b344d9af217a18eafda250aa,oui
dist/site-private/3e/03_EVALUATIONS/3e_Evaluation_Finale_ELEVE.html,78a9c25f2cfea96f8034611dda4ad883596b6fcac98ab9d1e8d43f301777dad6,oui
dist/site-private/3e/03_EVALUATIONS/3e_Evaluation_Finale_PROF_Corrige_Bareme.html,079f1971fd81b7a517ef1728e447f21a8d90b97a3595fd5b90a5686a50ba6385,oui
dist/site-private/3e/03_EVALUATIONS/3e_Mini_Diagnostic_ELEVE.html,f3c612796e513b00344d706e7b908c65c55dab45bad8a4a3920ac0ba969f1ac8,oui
dist/site-private/3e/03_EVALUATIONS/3e_Mini_Diagnostic_PROF_Corrige.html,65673154f58873ca4e509d8a96198a05022355b335cd5cc83d2d6613ca315558,oui
dist/site-private/3e/03_EVALUATIONS/3e_Portfolio_Individuel.html,1c1b4490d545b99cc384a772b29c09aa2f3871e7236c1f8edbf9475133146a31,oui
dist/site-private/3e/04_NOMINATIFS/Amine_Mansouri/3e_Dossier_Individuel_Amine_Mansouri.html,ba9d8fc1141927bdd3f9107b3b5c93233af9b87012122f4a50d0e3c19c935542,oui
dist/site-private/3e/04_NOMINATIFS/Amine_Mansouri/3e_Remediation_Ciblee_Amine_Mansouri_ELEVE.html,0c3f80ce3b5e7026028446385522272f2cb807552508800225417e90b1dbf4cd,oui
dist/site-private/3e/04_NOMINATIFS/Amine_Mansouri/3e_Remediation_Ciblee_Amine_Mansouri_PROF_Corrige.html,ffb2a3b305f69c82ea87610d3524d2578f20192716ead9a4286c264886f581b5,oui
dist/site-private/3e/04_NOMINATIFS/Elyes_Kefi/3e_Dossier_Individuel_Elyes_Kefi.html,4014f75c71ef8a80709e1b958cf0f7be24ebd75edb80ae4ce06e1050aee6f342,oui
dist/site-private/3e/04_NOMINATIFS/Elyes_Kefi/3e_Remediation_Ciblee_Elyes_Kefi_ELEVE.html,7dc1f027a3a8e49222487aec479bab9cb908a54abd3d028c0e3b2823fdc3bc4e,oui
dist/site-private/3e/04_NOMINATIFS/Elyes_Kefi/3e_Remediation_Ciblee_Elyes_Kefi_PROF_Corrige.html,da5112b8e4f9ed1816c3ff76a7bb89ac70550ca6b64780d91c68c6128bedcb7a,oui
dist/site-private/3e/04_NOMINATIFS/Fares_Laajili/3e_Dossier_Individuel_Fares_Laajili.html,42c0795cb740080a8d51a22a784155a5be90b7b2fde4dab4e9a7481738847a04,oui
dist/site-private/3e/04_NOMINATIFS/Fares_Laajili/3e_Remediation_Ciblee_Fares_Laajili_ELEVE.html,fd607de5e6445ecb1d0e01fa981f3a3d24f40c879e5d179fe3a468bde21ceffa,oui
dist/site-private/3e/04_NOMINATIFS/Fares_Laajili/3e_Remediation_Ciblee_Fares_Laajili_PROF_Corrige.html,d56c81c7d0569881adaf5a553806230663e8156cceb0eae7d5f979f449dcdca7,oui
dist/site-private/3e/04_NOMINATIFS/Sarah_Bargaoui/3e_Dossier_Individuel_Sarah_Bargaoui.html,4f99668caa8df4314f8adfcdd925716bd5724607b5e9a321af5fbbde488b39b4,oui
dist/site-private/3e/04_NOMINATIFS/Sarah_Bargaoui/3e_Remediation_Ciblee_Sarah_Bargaoui_ELEVE.html,2fba66cff382bbb8749a8d516e7dd978ed6884569c1a70820addc6b50651e933,oui
dist/site-private/3e/04_NOMINATIFS/Sarah_Bargaoui/3e_Remediation_Ciblee_Sarah_Bargaoui_PROF_Corrige.html,da060f54ece7e4691e8119b4fa3268554bfaa3a4d8c3fbc2b1bdc7b48935b24c,oui
dist/site-private/3e/04_NOMINATIFS/Selim_Mansouri/3e_Dossier_Individuel_Selim_Mansouri.html,630e21b207485a02bcd081655fdc50be4f340fc7a27b1969b0c9707492f50032,oui
dist/site-private/3e/04_NOMINATIFS/Selim_Mansouri/3e_Remediation_Ciblee_Selim_Mansouri_ELEVE.html,eefcda9efc90d5b31ca43ac95ea144e1d0050d594c65e17ebc0f833902f433eb,oui
dist/site-private/3e/04_NOMINATIFS/Selim_Mansouri/3e_Remediation_Ciblee_Selim_Mansouri_PROF_Corrige.html,0e1c482bdae75d62b8d9f0ac4144f82a10eb7e0c30c07bf209fb5a357bf02ada,oui
dist/site-private/3e/index.html,e0042cbcb2a5d0cfdcd7ff2aff6c875de2267da9dbb86c467649c8a43f295ff7,oui
dist/site-private/4e/00_MASTER/4e_MASTER_Documentation_Stage.html,84e906d33315ddd1f5ab94ab78fd07fc573ed32a73ed0fab2c46c0326fe36c01,oui
dist/site-private/4e/00_MASTER/index.html,e62e52cf61c565ae520d9d6b22d8b2d504882a0707995c87d7d692f39815c8ae,oui
dist/site-private/4e/01_ENSEIGNANT/4e_Guide_Formateur.html,b2558a2116d1b8c7b7fc48dc53eb47b38ab8aa8ffb47d103a20bc37fe7f84f4d,oui
dist/site-private/4e/01_ENSEIGNANT/4e_Tableau_Bord_Enseignant.html,9c778c75682102db6308de1acf1c0ee4cb6f06af91a3f1f86d1c8dfa9e2e9b90,oui
dist/site-private/4e/02_SEANCES/S1/4e_S1_AIDES_Cartes.html,17cd069d7b81d215c61d5442c3d9b59febc319c62f8999164a13fe91d6e8e813,oui
dist/site-private/4e/02_SEANCES/S1/4e_S1_ELEVE_Activite.html,2024111311c232cc9521c92c5db87a39382043fa610caabbbae4b4aa47bedcd3,oui
dist/site-private/4e/02_SEANCES/S1/4e_S1_PROF_Fiche.html,9c3a6458bd10d6172045b437fb0e0615de571456ffdaaf05331c981262080ea8,oui
dist/site-private/4e/02_SEANCES/S1/4e_S1_SUPPORTS_Manipulation.html,03e32f5fdd42af4331915d0bf08d3ab319c901919fc9b0e1ff2e1d41d42b795a,oui
dist/site-private/4e/02_SEANCES/S2/4e_S2_AIDES_Cartes.html,87657e6212488021523954968c36434dbcd05278dce78438a9054ba2afec05c6,oui
dist/site-private/4e/02_SEANCES/S2/4e_S2_ELEVE_Activite.html,4636fceb30b37acc6f10aa20696a31ff2e377f056759c0dfe29c36d37d9f1018,oui
dist/site-private/4e/02_SEANCES/S2/4e_S2_PROF_Fiche.html,d894130b4427ac1120e0bbc79b8d4442930118ae86097676afe20f32ce33c858,oui
dist/site-private/4e/02_SEANCES/S2/4e_S2_SUPPORTS_Manipulation.html,7034e09b15f5ed430cd10520b4e7d00a4b1cd70e9acb47e8bce896261b514e26,oui
dist/site-private/4e/02_SEANCES/S3/4e_S3_AIDES_Cartes.html,af045ac18a48b92e0b0686e3cd782e1e141122d4266104665010534e25046361,oui
dist/site-private/4e/02_SEANCES/S3/4e_S3_ELEVE_Activite.html,2ad62bf1af578547c5a34dae148ab7f0289125fbaed1210a11ad9ef78a90dee1,oui
dist/site-private/4e/02_SEANCES/S3/4e_S3_PROF_Fiche.html,2b31b81d32ac95fdf75165331b319c526b46383284ce84fc1bbe6a0c2ccdf392,oui
dist/site-private/4e/02_SEANCES/S3/4e_S3_SUPPORTS_Manipulation.html,f7187371670fda518cb8c848c934e2e8a267f33f0b2d91d7ee0ed67f027105c8,oui
dist/site-private/4e/02_SEANCES/S4/4e_S4_AIDES_Cartes.html,1065f6a727b5eef1883fb9a309105a9e6fa0708321f26630ff75539d06ca79b2,oui
dist/site-private/4e/02_SEANCES/S4/4e_S4_ELEVE_Activite.html,41cfb47cdcff9b52e601ad3901c3a2fdb0d804fb6f9a7dc2ba49b62a737db87b,oui
dist/site-private/4e/02_SEANCES/S4/4e_S4_PROF_Fiche.html,17312750d7e3c1dbd86067cb2411bdb975073f9c85c3dfcfae292fd57207bd85,oui
dist/site-private/4e/02_SEANCES/S4/4e_S4_SUPPORTS_Manipulation.html,6bc15802b41d11b2aa2521b13fd7c7cf5cf3c0b69d8b2d5840aea3a5581068bf,oui
dist/site-private/4e/02_SEANCES/S5/4e_S5_AIDES_Cartes.html,024691a524677334733efa458460be84df1e4d1dbd6f23acd32ad1da4baef7d6,oui
dist/site-private/4e/02_SEANCES/S5/4e_S5_ELEVE_Activite.html,c6242577bb67317844a3fe2998492ff36d62dc7f5f2a3775c4b5c5b31199ef72,oui
dist/site-private/4e/02_SEANCES/S5/4e_S5_PROF_Fiche.html,4afcb19bd08bcd252584b47ca768ffb8e517d1503d69e7945a1d9a812968bfc3,oui
dist/site-private/4e/02_SEANCES/S5/4e_S5_SUPPORTS_Manipulation.html,cf39019ea6134b26783de6573006e9899583212d62447f4f416d52820bbcdbb4,oui
dist/site-private/4e/03_EVALUATIONS/4e_Evaluation_Finale_ELEVE.html,5ada7dc4a3d761b7e7af66081038dbb8fdd0396c0a22beb9d1a007ed3d34196a,oui
dist/site-private/4e/03_EVALUATIONS/4e_Evaluation_Finale_PROF_Corrige_Bareme.html,28289b08cf51dd00b89cdfed4a80fa7f655452d001ac2a2bc6b9b21976e018d0,oui
dist/site-private/4e/03_EVALUATIONS/4e_Mini_Diagnostic_ELEVE.html,49f75443c02ff145a391f451ad9022d78a4189982a5dd4ac412be639d664e1de,oui
dist/site-private/4e/03_EVALUATIONS/4e_Mini_Diagnostic_PROF_Corrige.html,d87183de5315f573c5dde84645f4b41fdc00fd677d30227dee32ae153bff096a,oui
dist/site-private/4e/03_EVALUATIONS/4e_Portfolio_Individuel.html,247ec0e63193e98543f67bfe9ed9cef4cfc639b2fb7b7c6aa4f7867f07ea8f5d,oui
dist/site-private/4e/04_NOMINATIFS/Fares_Darghouth/4e_Dossier_Individuel_Fares_Darghouth.html,501449caf8dcb1b0b1130b959ed3e120d6490a2b2aa625e1bf6070c363870e96,oui
dist/site-private/4e/04_NOMINATIFS/Fares_Darghouth/4e_Remediation_Ciblee_Fares_Darghouth_ELEVE.html,4ec1e637290c306cb5b15e66fa5cc4ce8e2f17b3433fef3d34185a2332601d27,oui
dist/site-private/4e/04_NOMINATIFS/Fares_Darghouth/4e_Remediation_Ciblee_Fares_Darghouth_PROF_Corrige.html,01590ff972c38e5dc91e49387dd7b0ec3cebe525156aac50cb86723ec71e89b1,oui
dist/site-private/4e/04_NOMINATIFS/Ines_Kefi/4e_Dossier_Individuel_Ines_Kefi.html,159754559f68a6d95f756e7b171775c19da4d286c45b4d6477d48930c7932478,oui
dist/site-private/4e/04_NOMINATIFS/Ines_Kefi/4e_Remediation_Ciblee_Ines_Kefi_ELEVE.html,9723b48f1bb2cf6ddcf034389f57b96dbf4f21096b6bbadbe279360c8689f972,oui
dist/site-private/4e/04_NOMINATIFS/Ines_Kefi/4e_Remediation_Ciblee_Ines_Kefi_PROF_Corrige.html,8412ea08d94c35034ec46184eed5d4eef2da9db69f52b90700a3f237dabac026,oui
dist/site-private/4e/04_NOMINATIFS/Sinda_Chikhaoui/4e_Dossier_Individuel_Sinda_Chikhaoui.html,eb1cb88f9e4c8f30de4b550241dad4a40dd88b9737ff781ac53a089be326adee,oui
dist/site-private/4e/04_NOMINATIFS/Sinda_Chikhaoui/4e_Remediation_Ciblee_Sinda_Chikhaoui_ELEVE.html,4717d081ebe58085ca55fcb649b61488d5def9697d15681992df39f9d42775a4,oui
dist/site-private/4e/04_NOMINATIFS/Sinda_Chikhaoui/4e_Remediation_Ciblee_Sinda_Chikhaoui_PROF_Corrige.html,7d8533e23d72465dd94f746f70b81f773c916424bbc827089acffbae823db4a5,oui
dist/site-private/4e/index.html,7318aef42e418be8d8a0d8b86a1f1d048a8ba87606b94e85ae2794c23a346521,oui
dist/site-private/assets/logo.png,c4cfe5ba9380a6b10236db2caad713683ddb1cfed6303b2c202f6a51317f02a0,oui
dist/site-private/assets/logo_slogan_nexus.png,81855d6817f93537262e08c2e8037d1ccc8eac14b0b611ba4686f9c28ba34315,oui
dist/site-private/assets/print.css,d690e376d6a55e3d9f37f79fd64b9f33d0be2ff21434921cc43b231d75045180,oui
dist/site-private/assets/search-index.js,82285f541e62e955943af47ea6f6c72809d33a756146a2e0149c224ebc9ddcde,oui
dist/site-private/assets/site.css,64e236b3c019aeab617cd43519b9e2301f523e9567f9c4e9f3c9ae84cf702aac,oui
dist/site-private/assets/site.js,1d7d2a9f1fbe7c7c8e81dc12dff1f0becd2902b216ce81c423645e84cd2cefed,oui
dist/site-private/assets/supports/coordinate_grid.svg,c4a359f789d54d690bcfc29007bfad9ee5eab158b50a112d35c2f1294e822753,oui
dist/site-private/assets/supports/fraction_strips.svg,3ef515ec2c488781364b9fd2f5f516ea5aaea646e0df28a387ffb46a29ea7a37,oui
dist/site-private/assets/supports/number_line.svg,a925c8902322a5b82884b9f3ca3b291fb0b3ce3cb2da6677b177c595d3f6a24a,oui
dist/site-private/assets/supports/right_triangle.svg,d27576ba867d85ae5fb901f4e14475496eda7382b5bd8aa6e007b41f9bfc390a,oui
dist/site-private/assets/supports/venn_diagram.svg,16c21751a85bda7913a725eafd83936cd285fd4a7eeeaa4de335a5d461f5c6f2,oui
dist/site-private/index.html,efe2df27bc72483b6561a954f14decf9d6e4f6a31cf2274e317c4239c4cf37df,oui
dist/site-private/packs.html,8d2e5d4fc3ac8c5ca5e9eba9127a9cf951e77e2a830ec8fff71a160cb74b4980,oui
dist/site-private/preparer-seance.html,bef181ca73c1ca28d3439b3f8890e09d035d9fcc8a648155ea8477b41380455d,oui
dist/site-private/reports/ACCESSIBILITY_QA.md,d5be0630c92f7cc95e5ce2f2a820d7834bd0123a4e51ef58fa27ddaa6da2f1fb,oui
dist/site-private/reports/AUDIT_INITIAL.json,f8648d2b573b9288495b10f5c485c8b1cc0d6e095180440f0c58510303587411,oui
dist/site-private/reports/AUDIT_INITIAL.md,ed0ee113a351848159a30379c34964dc04cffecd97b2249f5d3b667b67f828e5,oui
dist/site-private/reports/BUILD_QA_COUNTERS.md,81c7c0db4f24b926d7258844ffc8bb039a3baa582af881df3121baff4a4786c1,oui
dist/site-private/reports/CONTENT_GAPS.md,576fb132e23fff2dbda177917b038547bf38aad5bdc0b83940ea7284c1d4df83,oui
dist/site-private/reports/DEAD_FILES_AND_DUPLICATES.md,c23819d7a85c16d4ea211a543080c64a1a802c1df2578aa3e5f91d12be6e1b96,oui
dist/site-private/reports/FINAL_DELIVERY_REPORT.md,54cee4a07530f8be2c357853e21c237380cba68c0386632d344922305339a3ad,oui
dist/site-private/reports/FINAL_PRINT_READY_AUDIT_2026-08-17.md,295cb6ce08fcb0b5d4cc3248af3e66afa3001ca45c8f69d552371ef74d7306cc,oui
dist/site-private/reports/LEGACY_HTML_TO_ARCHIVE.txt,5857fffc5442af0b141e4ea4c0a0ce1cde6741424cf212832070a6a3e83b9923,oui
dist/site-private/reports/MATH_CONTENT_AUDIT.md,92d359116e318faa0d89c2ddcaeb6e40f98643456d014287129171fd27269c3d,oui
dist/site-private/reports/NAVIGATION_QA.md,ad2c47f9cb57455513dd21b201c01c4f8cd926cbca494103d23cfb452488242f,oui
dist/site-private/reports/PDF_STRUCTURAL_QA.md,71008a15da0606241698ecca4c6ba5267607375e83e6b57d439754f60714fce2,oui
dist/site-private/reports/PDF_VISUAL_QA.md,dded3ec99d6f6d2c1138b3fcdaffd05b866b7d43725fb7041b570d1d23505fc3,oui
dist/site-private/reports/QA_STATUS.json,a0edab180649cae0a9600c1a60414632de6938f107dc83f266b967ce2c55061e,oui
dist/site-private/reports/SOURCE_ERRATA.md,bffb1575f35c5d10d20adc141942a7999f9dd4ad479e6c4cb5a101ff157ad709,oui
dist/site-private/reports/UX_AUDIT.md,33a952ff03ebbd6576576a5fc75955a757aafed03af336aceade78a62e5896c6,oui
dist/site-private/suivi-nominatif.html,f538f5edc5c3d8d21a95b7278d11ce98b9ff4b416cff4e4ebb6c888877b2b134,oui
dist/pdf/1ere_spe/eleves/1ere_spe_Portfolio_Individuel.pdf,2f3127bf570699fd77ec890feec97306ec1f5e2b0fa48049725810d810798dbc,non
dist/pdf/1ere_spe/eleves/1ere_spe_S1_ELEVE_Activite.pdf,2151549c1a3b97af3d102a36a9840c00c3d5e3ed75debb256adabd7b82085455,non
dist/pdf/1ere_spe/eleves/1ere_spe_S2_ELEVE_Activite.pdf,3d6ea401eea2d34a86136e18f557b1e6879c293996c39c839b2421deb2178cf4,non
dist/pdf/1ere_spe/eleves/1ere_spe_S3_ELEVE_Activite.pdf,7c9e6f4f30a5d43cf96e94319121bc7b5a238c3f91749e4c7f3e13984eba4dff,non
dist/pdf/1ere_spe/eleves/1ere_spe_S4_ELEVE_Activite.pdf,1f5265cd0520cf7f061c76c8e600ba6d678bbd99033ab13c4efc3fe86d29a40e,non
dist/pdf/1ere_spe/eleves/1ere_spe_S5_ELEVE_Activite.pdf,9824b4bdc3287f2fc15556c88b36776afb31c23b5044ef59ea17c464fb1a8e9c,non
dist/pdf/1ere_spe/enseignants/1ere_spe_Evaluation_Finale_PROF_Corrige_Bareme.pdf,a3491531bb61894170ac76908a42993a114c09366fdcfa95fe6f6439c87554c2,non
dist/pdf/1ere_spe/enseignants/1ere_spe_Guide_Formateur.pdf,8aef68fc0c8154e975bcb1333d9a2028fefbfb94d562468b24b22b8e8d28d161,non
dist/pdf/1ere_spe/enseignants/1ere_spe_MASTER_Documentation_Stage.pdf,b09d0317a337756318a91a81af97cd435e9e48703f1e18477d7ed2970a6cf846,non
dist/pdf/1ere_spe/enseignants/1ere_spe_Mini_Diagnostic_PROF_Corrige.pdf,ab10397b1ad8b8f10b14e4284a6c65a0ccb3196657f581001b3d7b40e7f6e109,non
dist/pdf/1ere_spe/enseignants/1ere_spe_S1_AIDES_Cartes.pdf,abc1cd829ae74f8bcee4b7b1cb7de066e159bbecf1cae8d6f6caad7bf7930dbb,non
dist/pdf/1ere_spe/enseignants/1ere_spe_S1_PROF_Fiche.pdf,f2694b3b23ad0c606dc3a72f810403fcd9430b593c242a6505457e452bafb541,non
dist/pdf/1ere_spe/enseignants/1ere_spe_S2_AIDES_Cartes.pdf,8a08eaa9c9e49e78a215b1813f7125c0f47738f2e2ba771c7664d8d83fdeff64,non
dist/pdf/1ere_spe/enseignants/1ere_spe_S2_PROF_Fiche.pdf,87578ef7c9fcbdb6dc0c55e51e1d490a0acf009cde05d08059ffd52db2cceb5a,non
dist/pdf/1ere_spe/enseignants/1ere_spe_S3_AIDES_Cartes.pdf,eb8f6f3d1607bd1d55b84028d8bfe1fa73f2bb2f97c8f330f1bfab7ef7bd2abf,non
dist/pdf/1ere_spe/enseignants/1ere_spe_S3_PROF_Fiche.pdf,ebc0557fc67de40652c64a74608899444babcf4bbc4cdaf5ec2cd9bd1569e97c,non
dist/pdf/1ere_spe/enseignants/1ere_spe_S4_AIDES_Cartes.pdf,b215e7400e5d54784bc260326aa52afc02b304a0d904ef6be5ef11ce156bfe84,non
dist/pdf/1ere_spe/enseignants/1ere_spe_S4_PROF_Fiche.pdf,055b4bb101d775107a92aa37ebf67704ee39d854483a0b59842630608d6d5d1b,non
dist/pdf/1ere_spe/enseignants/1ere_spe_S5_AIDES_Cartes.pdf,6c8f82d25b36a859929a6bd4e1a940f8035d45867826e6390c937068e31a0b26,non
dist/pdf/1ere_spe/enseignants/1ere_spe_S5_PROF_Fiche.pdf,4e3d57d1d6b03f13241d41a651ed4b7cf2b3ead78944be6e96150ae4e70a1e34,non
dist/pdf/1ere_spe/enseignants/1ere_spe_Tableau_Bord_Enseignant.pdf,09f533f66eda85377600e578f351f65b3aee969cf4774faf0296e69599e9b9f6,non
dist/pdf/1ere_spe/enseignants/index.pdf,72d9f7b8b7b37f8849438cc25538e3d869a56756f2c86750d8c7edbb4e2347a7,non
dist/pdf/1ere_spe/evaluations/1ere_spe_Evaluation_Finale_ELEVE.pdf,ba75e08f426d51d82287a898a31236f8eddeb259c7809c69a6a0f11d3e3e26f8,non
dist/pdf/1ere_spe/evaluations/1ere_spe_Mini_Diagnostic_ELEVE.pdf,db6572e2b5141aa139f71c31709946662d151ec02c309feea739d53b607acabd,non
dist/pdf/1ere_spe/nominatifs-prives/1ere_spe_Dossier_Individuel_Ahmad_Beldi.pdf,e7bb533227902be68d692f430bb60bbbf4adf8ec6421fa8f875933c646b2b723,oui
dist/pdf/1ere_spe/nominatifs-prives/1ere_spe_Dossier_Individuel_Donia_Khadhrani.pdf,473ff21e2beb10bbc5347e491940537852600e938b1836ec526c29cfb6e1f6be,oui
dist/pdf/1ere_spe/nominatifs-prives/1ere_spe_Dossier_Individuel_Malek_Khadhrani.pdf,1522304bd375c52ed90f48d4a3229ae29bb83bfe20b6951847bff45075d5aade,oui
dist/pdf/1ere_spe/nominatifs-prives/1ere_spe_Remediation_Ciblee_Ahmad_Beldi_ELEVE.pdf,a55a9ea0aa38bb115ec44b23e45bfdef47bc2d3391bd5913ecfbd6c3b1066209,oui
dist/pdf/1ere_spe/nominatifs-prives/1ere_spe_Remediation_Ciblee_Ahmad_Beldi_PROF_Corrige.pdf,91d48ce1330c1165f5099f56e5ae57459c54709062e300a57fbbe054c8a275c3,oui
dist/pdf/1ere_spe/nominatifs-prives/1ere_spe_Remediation_Ciblee_Donia_Khadhrani_ELEVE.pdf,f78b89e98de1b54a135fbfabdcd92d6d92d27b75cff259ea3069fc5575befc80,oui
dist/pdf/1ere_spe/nominatifs-prives/1ere_spe_Remediation_Ciblee_Donia_Khadhrani_PROF_Corrige.pdf,c43b1012528b91c542ed7a74eadcef63045c16c11bd5cf7aa5857861396521b7,oui
dist/pdf/1ere_spe/nominatifs-prives/1ere_spe_Remediation_Ciblee_Malek_Khadhrani_ELEVE.pdf,8fb3dcdfd585493afa722952ba97b7f112f4d914b7699512ca4136aef8eb7aa7,oui
dist/pdf/1ere_spe/nominatifs-prives/1ere_spe_Remediation_Ciblee_Malek_Khadhrani_PROF_Corrige.pdf,bc33f541f427729af24e33bb56a09a42485e468dcb4972c4d83f7c3cdecd555c,oui
dist/pdf/1ere_spe/supports/1ere_spe_S1_SUPPORTS_Manipulation.pdf,ee636fcfefd0d44c7b66668e96e2093506b9bc13b0eb6d0bcbeb1df143e49a61,non
dist/pdf/1ere_spe/supports/1ere_spe_S2_SUPPORTS_Manipulation.pdf,363b5f1e555e318e18e3e2fa08e3011327e70c96c927e7bd352958be3143f8f5,non
dist/pdf/1ere_spe/supports/1ere_spe_S3_SUPPORTS_Manipulation.pdf,92b4e4c31aca106a7eb7e54ff8f544b4781ede9fb299b1571e60e6082770486e,non
dist/pdf/1ere_spe/supports/1ere_spe_S4_SUPPORTS_Manipulation.pdf,a448d27dab9702f149d1e7b86672d8b384410f89e29f4bf6290868dbcc55d620,non
dist/pdf/1ere_spe/supports/1ere_spe_S5_SUPPORTS_Manipulation.pdf,5507bbd46552156e23f14f579e8a4806f108ec174b031ed9fabbfe6fa7ed3c5d,non
dist/pdf/2nde/eleves/2nde_Portfolio_Individuel.pdf,e34093ecc256f2e1e1f01739da6b4f91b417fcb58e7491e2d9408327e4604f06,non
dist/pdf/2nde/eleves/2nde_S1_ELEVE_Activite.pdf,6150feb1d10907ae69d8500d9bf57d4801feebeb7ead9e799688844367d0bcdc,non
dist/pdf/2nde/eleves/2nde_S2_ELEVE_Activite.pdf,5b4993892175872b65f8b2bee1e68930857e79d4ebf1e5c2e63c531e3dc3d06a,non
dist/pdf/2nde/eleves/2nde_S3_ELEVE_Activite.pdf,1ba6de3cdd567428675e101382e3a5990ae04a555b34f7ca1764693a2ad3cfeb,non
dist/pdf/2nde/eleves/2nde_S4_ELEVE_Activite.pdf,c46f856bc7dd4b8f4daddca85da8d391573f20499d8124f743fd7c61086f42d2,non
dist/pdf/2nde/eleves/2nde_S5_ELEVE_Activite.pdf,0541eb2a22d55c261cb38e092ce1bbce7f5b6440cb3870f204b3dace10d182e5,non
dist/pdf/2nde/enseignants/2nde_Evaluation_Finale_PROF_Corrige_Bareme.pdf,48cf0c56c016549db836ba22d296633fea927b2521c7e2068ca381fd18402d3e,non
dist/pdf/2nde/enseignants/2nde_Guide_Formateur.pdf,27ad16cebac0c056d62a19ff1df289e8922dcb50eb93b1aaba65183c811c3b8b,non
dist/pdf/2nde/enseignants/2nde_MASTER_Documentation_Stage.pdf,953ba6d0ba7cc0cc1cf7bdfab33074b7d4bc35e0a1c888f88adf264932057f4f,non
dist/pdf/2nde/enseignants/2nde_Mini_Diagnostic_PROF_Corrige.pdf,d5e17a22c43aef1fc38439add00b1d9773246c71e4aded380d273a7c090b2ad3,non
dist/pdf/2nde/enseignants/2nde_S1_AIDES_Cartes.pdf,7277b28eab981b057a6243ebd4820cd255c9333aa160d2876492abe2171038a0,non
dist/pdf/2nde/enseignants/2nde_S1_PROF_Fiche.pdf,b9f388c7af402991492ef71543bb26d9e5ee142e894c33be771c3c3f23f7ff09,non
dist/pdf/2nde/enseignants/2nde_S2_AIDES_Cartes.pdf,e1b6ef53da2c180dba7f18749fb5f0729fb46d602bb7bcd52d77a88e225c4637,non
dist/pdf/2nde/enseignants/2nde_S2_PROF_Fiche.pdf,104020a6a64ec95f212808924ecaf23cd1cc3aef2ca9b8694380a76f9cc4ba5d,non
dist/pdf/2nde/enseignants/2nde_S3_AIDES_Cartes.pdf,f665557d34fcf8aab8f84b7d68402fec1337b1ba0218deda11bd46843062d98c,non
dist/pdf/2nde/enseignants/2nde_S3_PROF_Fiche.pdf,3b91143f6b7f6984fd61a7d70bad780aa34683be96648bd89ca4c187d6f350ca,non
dist/pdf/2nde/enseignants/2nde_S4_AIDES_Cartes.pdf,2d87407715da5101a420f4683eccb85f0775844e2a595a2009652ac6175e2448,non
dist/pdf/2nde/enseignants/2nde_S4_PROF_Fiche.pdf,9f404fd57cdc657045c57ddc5dee38c913de75abe138257e6b133b8d77f12b05,non
dist/pdf/2nde/enseignants/2nde_S5_AIDES_Cartes.pdf,af858441690ace3183b81042e817b91ff6847a9a10e0c49c1c18afaf012c08d5,non
dist/pdf/2nde/enseignants/2nde_S5_PROF_Fiche.pdf,da7268fb80abad9ba4773663b7ca85af59f876c1e000d485bb5c66bf7630e525,non
dist/pdf/2nde/enseignants/2nde_Tableau_Bord_Enseignant.pdf,6124839995bf7433dedea2f75b9a9a0be9783ae08dc876c7fb37a74594cff4f5,non
dist/pdf/2nde/enseignants/index.pdf,cd2c42ba461806d7ad8f1ee7f37eadaf0876e88deab2fd5ea2c4c3452fdd7ede,non
dist/pdf/2nde/evaluations/2nde_Evaluation_Finale_ELEVE.pdf,0a316f125b9afcd4754285fac57d0714280f9d34fc2032bb4ecc49947ef274ae,non
dist/pdf/2nde/evaluations/2nde_Mini_Diagnostic_ELEVE.pdf,04d06af007a89b8c5c8d3791efd2e798605bde1ca61b7eb01bd88cde8652fdf2,non
dist/pdf/2nde/nominatifs-prives/2nde_Dossier_Individuel_Ahmed_Bakir.pdf,2d9a89c5f26964a353ed57bbed7ad512bf7e8efefe958d57de32f893fb55c52f,oui
dist/pdf/2nde/nominatifs-prives/2nde_Dossier_Individuel_Noa_Maniaci.pdf,bb94b1dca37bfd41c0ef430b7bfc329c7d3d81741dbb9db3d5283cfb9e261a00,oui
dist/pdf/2nde/nominatifs-prives/2nde_Remediation_Ciblee_Ahmed_Bakir_ELEVE.pdf,07304bd88e89068c1aec27c6c4212edcfbd6b7e7b285d1b3e3f0ebf8cd47c3e9,oui
dist/pdf/2nde/nominatifs-prives/2nde_Remediation_Ciblee_Ahmed_Bakir_PROF_Corrige.pdf,30aa772295b140f97c0192ed79c0a77aefaa6c72871fa58cedbe6768d916b9ba,oui
dist/pdf/2nde/nominatifs-prives/2nde_Remediation_Ciblee_Noa_Maniaci_ELEVE.pdf,630b2e9681f7b1a39e0bb286ae7ad6ae47f1824c5b65752173ca7651122fefed,oui
dist/pdf/2nde/nominatifs-prives/2nde_Remediation_Ciblee_Noa_Maniaci_PROF_Corrige.pdf,ca532dcd1e5b1df45a2d333c5b99a5fc3e8ecc90beaa080198e1485d67e63c81,oui
dist/pdf/2nde/supports/2nde_S1_SUPPORTS_Manipulation.pdf,a60fc1490f8692da2279c5887fae214ec49ffbcd8cb48b3e71c7d40d49998c8b,non
dist/pdf/2nde/supports/2nde_S2_SUPPORTS_Manipulation.pdf,68b1a97a127c49ec14007e8d47771ccce306aab289360a7024806164a614c9a3,non
dist/pdf/2nde/supports/2nde_S3_SUPPORTS_Manipulation.pdf,f13fc00084ace18b96047c313333e0634048245bf01fefe174548c8b886fa8f3,non
dist/pdf/2nde/supports/2nde_S4_SUPPORTS_Manipulation.pdf,ae18ddbbf22ea5b4bd1a4f74cf003690f977e751ffe994c201902aacdc47c244,non
dist/pdf/2nde/supports/2nde_S5_SUPPORTS_Manipulation.pdf,8c981b29b58cfe55358d812f179faa6ffd7acbfe3d52cbbc9616c4df1afd4c4d,non
dist/pdf/3e/eleves/3e_Portfolio_Individuel.pdf,c9825ddd356a15220ad6ce81d0d199ac4812b19bc2a6203acc9f25c208328175,non
dist/pdf/3e/eleves/3e_S1_ELEVE_Activite.pdf,47835477b90e481931476fff6cd5c2f41b364e16eda8fec316d017d3e2c6c517,non
dist/pdf/3e/eleves/3e_S2_ELEVE_Activite.pdf,1956c51e37de10538d9eea204ecef7f6600ad93970d878e31d7d8a4e705d1c2d,non
dist/pdf/3e/eleves/3e_S3_ELEVE_Activite.pdf,2a5734a55e55a8bf935434abc36ca58f68a6e8328034fa496660431f0127f4d1,non
dist/pdf/3e/eleves/3e_S4_ELEVE_Activite.pdf,b5344f04218f29e18f6a92cd4f06b538cb7e223eb3d285cdc450d7af2382f77b,non
dist/pdf/3e/eleves/3e_S5_ELEVE_Activite.pdf,798c90d587a526c21449e300a2c0a1bac6a7bc17ac315b6cac058e57a8b2fe36,non
dist/pdf/3e/enseignants/3e_Evaluation_Finale_PROF_Corrige_Bareme.pdf,7f58dd0a8aad3c465313e06520313b62f4956bd157196bb17f07644292ea066c,non
dist/pdf/3e/enseignants/3e_Guide_Formateur.pdf,5b515cec4cf729dce04f053bd175d4c6be0db97a50465005e76db8ccd98ad40d,non
dist/pdf/3e/enseignants/3e_MASTER_Documentation_Stage.pdf,3f642096487942c9ddc2103b4e13127170aa35056f47c8ec85e4e5a087851491,non
dist/pdf/3e/enseignants/3e_Mini_Diagnostic_PROF_Corrige.pdf,33e6750396dcb1978fc282ecb8388dd6b93a49378b4846a1351f4bd0a754e138,non
dist/pdf/3e/enseignants/3e_S1_AIDES_Cartes.pdf,d1a2aa9e7c71c242108667e916bad19baa3db1c6e91f9a5c7e90391048fe1d45,non
dist/pdf/3e/enseignants/3e_S1_PROF_Fiche.pdf,e19db69ca2df90ba9963866e4e452da8a770b684183898af24a432f51826351f,non
dist/pdf/3e/enseignants/3e_S2_AIDES_Cartes.pdf,ff929ee20f3ab1158690f1dd721edc936831f8d89c17c6b86fd70d0a0c1f89a9,non
dist/pdf/3e/enseignants/3e_S2_PROF_Fiche.pdf,791f8e4b5e7f191eb959cbdf8014f1ebd6cc33d8b690399aa6dc5c932c38ec4a,non
dist/pdf/3e/enseignants/3e_S3_AIDES_Cartes.pdf,37a7ccc03c27f2c526787865b1613686709eb1b74fb3f95315242d385486ea31,non
dist/pdf/3e/enseignants/3e_S3_PROF_Fiche.pdf,532446b12947b7f354d6bc916a13888a173b2780e8fe7e03b12bbbb61e16df54,non
dist/pdf/3e/enseignants/3e_S4_AIDES_Cartes.pdf,69f48d5c3baed4ef172f108cc4e193a26d45b868d9ab68df947fdbfea2813065,non
dist/pdf/3e/enseignants/3e_S4_PROF_Fiche.pdf,59ec6c95b9588687da15c32ba37103ad37fa13305b59745d19407dea69a55506,non
dist/pdf/3e/enseignants/3e_S5_AIDES_Cartes.pdf,aa27664261fdd768d62122c55ec98dcb3b668ec2fe73a7b3b99b76c54a67a0af,non
dist/pdf/3e/enseignants/3e_S5_PROF_Fiche.pdf,7975e013323487079e0b0c1c74a4816d720e9f8c59ed577489472f3417b7b15e,non
dist/pdf/3e/enseignants/3e_Tableau_Bord_Enseignant.pdf,e1fa03ad7196c9654d866d0c11e3eef64a226da5591ef2d00073bfba17dfe391,non
dist/pdf/3e/enseignants/index.pdf,ff2724724185b5d858140bfd607a6fc3b1677f1791fe6eee35ebe8dd669fb3a3,non
dist/pdf/3e/evaluations/3e_Evaluation_Finale_ELEVE.pdf,77a8b043a2faa8d346b448dcffe7567197c5ea227d8a0d96f69a32f6dbd0432f,non
dist/pdf/3e/evaluations/3e_Mini_Diagnostic_ELEVE.pdf,51f7fe5678a20e1d86c9f5d26bb18312f1a947c604c548438775406ac4899243,non
dist/pdf/3e/nominatifs-prives/3e_Dossier_Individuel_Amine_Mansouri.pdf,96d7d0d935fffbcbdd518c354db617722e3e844f8398d7eba902b975cb414891,oui
dist/pdf/3e/nominatifs-prives/3e_Dossier_Individuel_Elyes_Kefi.pdf,9d46884d9f4f42709107ee173bbb1b7dd7b0a3f2d9542ed672a6644198586248,oui
dist/pdf/3e/nominatifs-prives/3e_Dossier_Individuel_Fares_Laajili.pdf,a1c799346c1f63da3a8d0c851e7d7fb330d873e38f1edbd9daf1532aab566596,oui
dist/pdf/3e/nominatifs-prives/3e_Dossier_Individuel_Sarah_Bargaoui.pdf,49aefa4028f7fa289cf77482f3da8b941d4ee1052a0f523414748107fe600ea8,oui
dist/pdf/3e/nominatifs-prives/3e_Dossier_Individuel_Selim_Mansouri.pdf,1194bd67e57bda7c84a9ea546082a72e37289812d63cea54c84368efa206f6bc,oui
dist/pdf/3e/nominatifs-prives/3e_Remediation_Ciblee_Amine_Mansouri_ELEVE.pdf,47ae938754ebdf50d678f3817ba21bb8ee601dfc2fa98cfd7a43d9e9d8914b80,oui
dist/pdf/3e/nominatifs-prives/3e_Remediation_Ciblee_Amine_Mansouri_PROF_Corrige.pdf,b2cca627e3b46dca29c43dc1cd041b5174bc94aaeaaadf4f50432a8f3f98a3c3,oui
dist/pdf/3e/nominatifs-prives/3e_Remediation_Ciblee_Elyes_Kefi_ELEVE.pdf,b40b1cb14bc6213c56a2ed9107bde239ce0de2605383f08f521d6c737e280692,oui
dist/pdf/3e/nominatifs-prives/3e_Remediation_Ciblee_Elyes_Kefi_PROF_Corrige.pdf,eb1e81d4e3bac0a96d43f323db7edd9c64d0cc1f7aef7716fda2d3883b6064a9,oui
dist/pdf/3e/nominatifs-prives/3e_Remediation_Ciblee_Fares_Laajili_ELEVE.pdf,d432138bcab107e42742050e5f64365ef2db2d51320b981ec933188cf809c4c0,oui
dist/pdf/3e/nominatifs-prives/3e_Remediation_Ciblee_Fares_Laajili_PROF_Corrige.pdf,74c0d7c0e01709c6dc985a79cb86e784afe3c7d77d40a1034cd7c5ccdcad201a,oui
dist/pdf/3e/nominatifs-prives/3e_Remediation_Ciblee_Sarah_Bargaoui_ELEVE.pdf,7d7f61b475f399d76e3900b53a30f059d8fd9efa5d72c384e5609146754d9092,oui
dist/pdf/3e/nominatifs-prives/3e_Remediation_Ciblee_Sarah_Bargaoui_PROF_Corrige.pdf,860cc5499012da53cb11142838411e94ca3d8579d8e4732a957b2cf4b43b5f86,oui
dist/pdf/3e/nominatifs-prives/3e_Remediation_Ciblee_Selim_Mansouri_ELEVE.pdf,1dcb0ff99c015621db0f512c00e2bcd54091f8d53fa0e5f4199377f8bba7eb02,oui
dist/pdf/3e/nominatifs-prives/3e_Remediation_Ciblee_Selim_Mansouri_PROF_Corrige.pdf,16edce187b9f0c3fb59cc6a4c31be22a8033acb4ec52c6fb5eb26894504458b5,oui
dist/pdf/3e/supports/3e_S1_SUPPORTS_Manipulation.pdf,aa5cb7699d6308f4046b045dca1a88af8b3127e554e6906fa99beb44070715e5,non
dist/pdf/3e/supports/3e_S2_SUPPORTS_Manipulation.pdf,de2c7bffa6c287b7ec880b120ea1ff056c23dbadb0804a2f5c34f8a99e331af5,non
dist/pdf/3e/supports/3e_S3_SUPPORTS_Manipulation.pdf,3b52957054a2dd2b4efd9f4cbd490d25522b16d502fc2e5acdd3def16d192d10,non
dist/pdf/3e/supports/3e_S4_SUPPORTS_Manipulation.pdf,cad7ecdd7bdae42ff3c215ef838413cf0a4a0b9c20939b6c836233890d1597ce,non
dist/pdf/3e/supports/3e_S5_SUPPORTS_Manipulation.pdf,e5dee723e20466f446feb1dc06f6b0102e09b38a4aae7bb77b9432903f978887,non
dist/pdf/4e/eleves/4e_Portfolio_Individuel.pdf,e9b4deff8f4f6b9d7569f4fa634634319830aae470a77fa495f9c9eafba99d83,non
dist/pdf/4e/eleves/4e_S1_ELEVE_Activite.pdf,5520c956b38fb7f95a7be93065f315a42f7c07520a131818ccfa5a515a880e9f,non
dist/pdf/4e/eleves/4e_S2_ELEVE_Activite.pdf,0c2cbfb34290ab0b364b1997873675be34ec242e1c8b200ab022e3bccd35e8a1,non
dist/pdf/4e/eleves/4e_S3_ELEVE_Activite.pdf,c8c6c7ae8a31e4832dce3dbadec7a9fdd9a0dfc19bfeee708c4ea93c67ea63ee,non
dist/pdf/4e/eleves/4e_S4_ELEVE_Activite.pdf,157bd5406c0697c6a23761a9ad8414fe8542ec4bef4affc71480b55657d8b68d,non
dist/pdf/4e/eleves/4e_S5_ELEVE_Activite.pdf,2e01eb20edf94a450b01be05f5af41cd017cb782ab84742be458039300cb5ac3,non
dist/pdf/4e/enseignants/4e_Evaluation_Finale_PROF_Corrige_Bareme.pdf,d9fc32fc908b39b6653d21b27096030370fade4748b41fe529430baaaede6cb4,non
dist/pdf/4e/enseignants/4e_Guide_Formateur.pdf,9cb303b8bc5976ee7b8322b1d0c44e855b20ed0590a91a5fe80039de9ee8dd20,non
dist/pdf/4e/enseignants/4e_MASTER_Documentation_Stage.pdf,5854ae7381b885a674236462312eea79a34202bffa10d7ec108e0d5f5bfd9e62,non
dist/pdf/4e/enseignants/4e_Mini_Diagnostic_PROF_Corrige.pdf,4495b3bda3cd00a034a775ae97976d28ce717db59fd5e3b986941f6208d18fde,non
dist/pdf/4e/enseignants/4e_S1_AIDES_Cartes.pdf,d3c48cb4365c001c858794f59239d57451d7cf0a0bb3c98337e8ee84eaa48388,non
dist/pdf/4e/enseignants/4e_S1_PROF_Fiche.pdf,47153189fb790e4bdcdffad76b17c96f26dc7e8e71e2349fe8f931df20c80d14,non
dist/pdf/4e/enseignants/4e_S2_AIDES_Cartes.pdf,f77e611c3216ae6e4408e62e4fe33a6e139c0156d3bdfd8d17f42bd87beaba72,non
dist/pdf/4e/enseignants/4e_S2_PROF_Fiche.pdf,a007ad9a2ec80ce0312784e6f56a4d38eeb453ce2bb0e658d2e38fa47776fd62,non
dist/pdf/4e/enseignants/4e_S3_AIDES_Cartes.pdf,089d45ebd4307900b04f193d4b271d941923087eeb19322ff74dcff23ad3e283,non
dist/pdf/4e/enseignants/4e_S3_PROF_Fiche.pdf,bada6feaecd9cf12fdb39ea04f2b80d40d98777e4c86cc6aa0d5e2e9f3bee1da,non
dist/pdf/4e/enseignants/4e_S4_AIDES_Cartes.pdf,c1289fab632912b5f826abed067a1d7b3aded95a69b1f14dd005003c4c628863,non
dist/pdf/4e/enseignants/4e_S4_PROF_Fiche.pdf,a1ad9219ea4e1bbfe23f5d2f4c54c99b0787f0217a6da19c9763e66cde64e06c,non
dist/pdf/4e/enseignants/4e_S5_AIDES_Cartes.pdf,d626b855f074b7356b552bdb2ab3f4ae0226ae294f1df22ef179b7466b2f3607,non
dist/pdf/4e/enseignants/4e_S5_PROF_Fiche.pdf,5d447f5f8547ab5c32dd5b09aae9cda2daf2e9941a2a74fbfc612a732aa856b1,non
dist/pdf/4e/enseignants/4e_Tableau_Bord_Enseignant.pdf,a24178eab51d3697d95a97a02687146b64c6087a5e326387c015161c0570f748,non
dist/pdf/4e/enseignants/index.pdf,3c44b591e967a9491521a30d5402600053c7fe654dbd6c78bfd804fb1ec47d36,non
dist/pdf/4e/evaluations/4e_Evaluation_Finale_ELEVE.pdf,1fc646c825bba3e43a5674c5bc40fadf4d50d321bc1adfa643f573c75274c9fa,non
dist/pdf/4e/evaluations/4e_Mini_Diagnostic_ELEVE.pdf,3b19e01cd60d63e5378c2e2aa2fe7f5bc6d7db32084957a599de6ba5b5776153,non
dist/pdf/4e/nominatifs-prives/4e_Dossier_Individuel_Fares_Darghouth.pdf,600be4815f59c9cfb2cd0953ddb50b691b82133fdff6345e292da8fc9d5a1501,oui
dist/pdf/4e/nominatifs-prives/4e_Dossier_Individuel_Ines_Kefi.pdf,cf1ef6fea1cf060b2dde7de3d12fc0f2016294e734f59a3cdb343472a5122189,oui
dist/pdf/4e/nominatifs-prives/4e_Dossier_Individuel_Sinda_Chikhaoui.pdf,a6ed5a871398d79df60bd862e170ee3cc4e559e96060cf9f8ef3a87f16e8c47a,oui
dist/pdf/4e/nominatifs-prives/4e_Remediation_Ciblee_Fares_Darghouth_ELEVE.pdf,a47c553061b5b3dad841ac9648cf4e6476aee53844893a4110c9c2328e869219,oui
dist/pdf/4e/nominatifs-prives/4e_Remediation_Ciblee_Fares_Darghouth_PROF_Corrige.pdf,4da61938929ac52314ededd935e9791e81bb6d4eb94498ebe88a3ec470cd07a7,oui
dist/pdf/4e/nominatifs-prives/4e_Remediation_Ciblee_Ines_Kefi_ELEVE.pdf,d74536ea8cf23a773e6bd0d8a3add8b3636c9afd6bee716403566cd76fc70a17,oui
dist/pdf/4e/nominatifs-prives/4e_Remediation_Ciblee_Ines_Kefi_PROF_Corrige.pdf,fca3e1f00685c104e83c1849b0d32de0de0addcfca597f7a795f903b3693c5c0,oui
dist/pdf/4e/nominatifs-prives/4e_Remediation_Ciblee_Sinda_Chikhaoui_ELEVE.pdf,d0ac745557bc6b883618edcfa923fee1a6dc7b786befb8cd0900f46b07de9aef,oui
dist/pdf/4e/nominatifs-prives/4e_Remediation_Ciblee_Sinda_Chikhaoui_PROF_Corrige.pdf,a3a306503cacf7174193625a583b919537b49d2c6a9a99253d9d561d431d75de,oui
dist/pdf/4e/supports/4e_S1_SUPPORTS_Manipulation.pdf,9e0081799d61f198ade3e4506d2d3479d2f76de28cac7f75aa25ff38276f3150,non
dist/pdf/4e/supports/4e_S2_SUPPORTS_Manipulation.pdf,0e297e7754f7b83f608284081231dd7fccc20ecfa478e9d45b7f39ace13b66e3,non
dist/pdf/4e/supports/4e_S3_SUPPORTS_Manipulation.pdf,1a5095510310835432f21428f588eeca0a057fc0fccecb9cd1e9133075aa0537,non
dist/pdf/4e/supports/4e_S4_SUPPORTS_Manipulation.pdf,3e0d882f28ebe524078c0c9f9d9773fd04c42e1c57cb088d7984ea722ea8b67c,non
dist/pdf/4e/supports/4e_S5_SUPPORTS_Manipulation.pdf,e3ecddddd8cc54ef4f0f5861d942ffb6f117e8c4e64cd06f226248544a833af1,non
dist/packs/nominatifs-prives/1ere_spe_Ahmad_Beldi_DOSSIER_ENSEIGNANT_CONFIDENTIEL.pdf,df49091671936bdc3a9d610c3549d7d42eff8db164f5acc34e855fa4f71f86a0,oui
dist/packs/nominatifs-prives/1ere_spe_Ahmad_Beldi_PACK_TRAVAIL_PERSONNALISE.pdf,25ec7a66fada96fbc2b7eb216246987b2640c8446407c6bb9ad50950fb9aaf07,oui
dist/packs/nominatifs-prives/1ere_spe_Donia_Khadhrani_DOSSIER_ENSEIGNANT_CONFIDENTIEL.pdf,81f7ba7dd0041ad3bcbbddf0467f5e4e181bff1b91e55b48810f8ea82490b93f,oui
dist/packs/nominatifs-prives/1ere_spe_Donia_Khadhrani_PACK_TRAVAIL_PERSONNALISE.pdf,46c7e2690576ae8f2e83d03fe37a5703af5d079aa2a543be5c04161efe94b4af,oui
dist/packs/nominatifs-prives/1ere_spe_Malek_Khadhrani_DOSSIER_ENSEIGNANT_CONFIDENTIEL.pdf,bab160af6c55c11cad6a7508b358410a9c97d12898cedd332c6dfad654acaa42,oui
dist/packs/nominatifs-prives/1ere_spe_Malek_Khadhrani_PACK_TRAVAIL_PERSONNALISE.pdf,c0f94b47d8c172c8073c5b5006dda440dac4451d8b5fa20a44a2d4dbbfd8c3ba,oui
dist/packs/nominatifs-prives/2nde_Ahmed_Bakir_DOSSIER_ENSEIGNANT_CONFIDENTIEL.pdf,5282316fd1ddb13cc31a9a0ee6925d9e7423bfed1a0b2e7ba7ba54600e017d5c,oui
dist/packs/nominatifs-prives/2nde_Ahmed_Bakir_PACK_TRAVAIL_PERSONNALISE.pdf,9964a0647702e04fdbcbfd4b8d8b0ba3ee2be0198522a0a8a1b6b9d3c3861866,oui
dist/packs/nominatifs-prives/2nde_Noa_Maniaci_DOSSIER_ENSEIGNANT_CONFIDENTIEL.pdf,f2f2f5013cffd1a45e9ae5fd59c07363229e37e9a25ace7d56db84d5f4dd59e8,oui
dist/packs/nominatifs-prives/2nde_Noa_Maniaci_PACK_TRAVAIL_PERSONNALISE.pdf,50fed25333da7b5f39d4fe069dcf91bbb79e3c3d06655bfd52fda86b9fe9dae1,oui
dist/packs/nominatifs-prives/3e_Amine_Mansouri_DOSSIER_ENSEIGNANT_CONFIDENTIEL.pdf,df6380d4e583f10866b453818f5c2bfcdab981226b15372800fd67e0f0c80f86,oui
dist/packs/nominatifs-prives/3e_Amine_Mansouri_PACK_TRAVAIL_PERSONNALISE.pdf,ff001c91996ffa89d0aa6a1bff5710929df2a84c8bf54fa1eceab5e672ec10df,oui
dist/packs/nominatifs-prives/3e_Elyes_Kefi_DOSSIER_ENSEIGNANT_CONFIDENTIEL.pdf,4fb263bebc681ca3f1537acd9af27ab04c6f49dabac3aea9131744a26050b55d,oui
dist/packs/nominatifs-prives/3e_Elyes_Kefi_PACK_TRAVAIL_PERSONNALISE.pdf,2e1d3edc3b6a836417b8ee07f9253abb456ef130b9d9d4e401c9a8142f685217,oui
dist/packs/nominatifs-prives/3e_Fares_Laajili_DOSSIER_ENSEIGNANT_CONFIDENTIEL.pdf,ebf85e6c52352b7d19a0b2f47b13afa9254b3288b8916300fe87bde4e0fca49a,oui
dist/packs/nominatifs-prives/3e_Fares_Laajili_PACK_TRAVAIL_PERSONNALISE.pdf,5657884a551babed35743663cbcd5c8a36228632623a1eb9842ce2ddddbf2e2e,oui
dist/packs/nominatifs-prives/3e_Sarah_Bargaoui_DOSSIER_ENSEIGNANT_CONFIDENTIEL.pdf,f61c86c3410ebdd7358a20e20e5bbbba9c010ac850e5b381b9868df0def467aa,oui
dist/packs/nominatifs-prives/3e_Sarah_Bargaoui_PACK_TRAVAIL_PERSONNALISE.pdf,6e511dad325b51ae5e5af031711c27b5e51d4c7a15ad6df7e6bbed3be5b47725,oui
dist/packs/nominatifs-prives/3e_Selim_Mansouri_DOSSIER_ENSEIGNANT_CONFIDENTIEL.pdf,c0a6afaa6769869521ec83dd476c18ab4de516c50ff1d75b7d15ab06dc9661be,oui
dist/packs/nominatifs-prives/3e_Selim_Mansouri_PACK_TRAVAIL_PERSONNALISE.pdf,7214bddfa5ba4793acf802589ef7b127e49d69425e71d4f68313c1ae946ace0a,oui
dist/packs/nominatifs-prives/4e_Fares_Darghouth_DOSSIER_ENSEIGNANT_CONFIDENTIEL.pdf,2e230bcf8ba1434ab5dc27bc29f55040556651a0b334cd64a5311759836bf0f3,oui
dist/packs/nominatifs-prives/4e_Fares_Darghouth_PACK_TRAVAIL_PERSONNALISE.pdf,70fadc17f7d5ee9abbd8dbb056dec19d8e2c1480038bbe1f7309e908e973ce2f,oui
dist/packs/nominatifs-prives/4e_Ines_Kefi_DOSSIER_ENSEIGNANT_CONFIDENTIEL.pdf,ecb7177cef47ec0b0da148882b321816c2f70772086d5c9c27204d13bd954f7c,oui
dist/packs/nominatifs-prives/4e_Ines_Kefi_PACK_TRAVAIL_PERSONNALISE.pdf,db83d4a25b16b4fc0499146bcf512fb8d4a5bc95110423c4f3738601d57fe0e2,oui
dist/packs/nominatifs-prives/4e_Sinda_Chikhaoui_DOSSIER_ENSEIGNANT_CONFIDENTIEL.pdf,a8ba2dd8ceef168d098d12b8c283079eb89ce76576f6ac8086d7025917bdb299,oui
dist/packs/nominatifs-prives/4e_Sinda_Chikhaoui_PACK_TRAVAIL_PERSONNALISE.pdf,134d2d7158fcee5c98cdf6c302e1821b8474801c46612b5cb1c9080f3d438d0d,oui
