path,pages,font_count,text_len,issues
dist/pdf/1ere_spe/eleves/1ere_spe_Portfolio_Individuel.pdf,4,3,3053,
dist/pdf/1ere_spe/eleves/1ere_spe_S1_ELEVE_Activite.pdf,5,3,4344,
dist/pdf/1ere_spe/eleves/1ere_spe_S2_ELEVE_Activite.pdf,4,6,4575,
dist/pdf/1ere_spe/eleves/1ere_spe_S3_ELEVE_Activite.pdf,4,3,4473,
dist/pdf/1ere_spe/eleves/1ere_spe_S4_ELEVE_Activite.pdf,4,4,4581,
dist/pdf/1ere_spe/eleves/1ere_spe_S5_ELEVE_Activite.pdf,4,5,4574,
dist/pdf/1ere_spe/enseignants/1ere_spe_Evaluation_Finale_PROF_Corrige_Bareme.pdf,4,5,1975,
dist/pdf/1ere_spe/enseignants/1ere_spe_Guide_Formateur.pdf,16,6,25160,
dist/pdf/1ere_spe/enseignants/1ere_spe_MASTER_Documentation_Stage.pdf,113,8,104159,
dist/pdf/1ere_spe/enseignants/1ere_spe_Mini_Diagnostic_PROF_Corrige.pdf,3,4,1824,
dist/pdf/1ere_spe/enseignants/1ere_spe_S1_AIDES_Cartes.pdf,2,3,1277,
dist/pdf/1ere_spe/enseignants/1ere_spe_S1_PROF_Fiche.pdf,7,4,5857,
dist/pdf/1ere_spe/enseignants/1ere_spe_S2_AIDES_Cartes.pdf,2,3,1290,
dist/pdf/1ere_spe/enseignants/1ere_spe_S2_PROF_Fiche.pdf,6,5,5961,
dist/pdf/1ere_spe/enseignants/1ere_spe_S3_AIDES_Cartes.pdf,2,3,1278,
dist/pdf/1ere_spe/enseignants/1ere_spe_S3_PROF_Fiche.pdf,6,3,5852,
dist/pdf/1ere_spe/enseignants/1ere_spe_S4_AIDES_Cartes.pdf,2,3,1252,
dist/pdf/1ere_spe/enseignants/1ere_spe_S4_PROF_Fiche.pdf,6,3,6110,
dist/pdf/1ere_spe/enseignants/1ere_spe_S5_AIDES_Cartes.pdf,2,3,1257,
dist/pdf/1ere_spe/enseignants/1ere_spe_S5_PROF_Fiche.pdf,6,4,5675,
dist/pdf/1ere_spe/enseignants/1ere_spe_Tableau_Bord_Enseignant.pdf,8,2,4537,
dist/pdf/1ere_spe/enseignants/index.pdf,2,2,893,
dist/pdf/1ere_spe/evaluations/1ere_spe_Evaluation_Finale_ELEVE.pdf,3,5,2929,
dist/pdf/1ere_spe/evaluations/1ere_spe_Mini_Diagnostic_ELEVE.pdf,2,3,2262,
dist/pdf/1ere_spe/nominatifs-prives/1ere_spe_Dossier_Individuel_Ahmad_Beldi.pdf,6,3,5652,
dist/pdf/1ere_spe/nominatifs-prives/1ere_spe_Dossier_Individuel_Donia_Khadhrani.pdf,6,4,5710,
dist/pdf/1ere_spe/nominatifs-prives/1ere_spe_Dossier_Individuel_Malek_Khadhrani.pdf,6,3,5617,
dist/pdf/1ere_spe/nominatifs-prives/1ere_spe_Remediation_Ciblee_Ahmad_Beldi_ELEVE.pdf,2,3,2019,
dist/pdf/1ere_spe/nominatifs-prives/1ere_spe_Remediation_Ciblee_Ahmad_Beldi_PROF_Corrige.pdf,3,4,2386,
dist/pdf/1ere_spe/nominatifs-prives/1ere_spe_Remediation_Ciblee_Donia_Khadhrani_ELEVE.pdf,2,3,2036,
dist/pdf/1ere_spe/nominatifs-prives/1ere_spe_Remediation_Ciblee_Donia_Khadhrani_PROF_Corrige.pdf,3,4,2396,
dist/pdf/1ere_spe/nominatifs-prives/1ere_spe_Remediation_Ciblee_Malek_Khadhrani_ELEVE.pdf,2,2,2026,
dist/pdf/1ere_spe/nominatifs-prives/1ere_spe_Remediation_Ciblee_Malek_Khadhrani_PROF_Corrige.pdf,3,3,2331,
dist/pdf/1ere_spe/supports/1ere_spe_S1_SUPPORTS_Manipulation.pdf,3,2,1328,
dist/pdf/1ere_spe/supports/1ere_spe_S2_SUPPORTS_Manipulation.pdf,3,3,1596,
dist/pdf/1ere_spe/supports/1ere_spe_S3_SUPPORTS_Manipulation.pdf,3,2,1310,
dist/pdf/1ere_spe/supports/1ere_spe_S4_SUPPORTS_Manipulation.pdf,2,5,1252,
dist/pdf/1ere_spe/supports/1ere_spe_S5_SUPPORTS_Manipulation.pdf,3,2,1322,
dist/pdf/2nde/eleves/2nde_Portfolio_Individuel.pdf,4,3,2806,
dist/pdf/2nde/eleves/2nde_S1_ELEVE_Activite.pdf,5,3,4700,
dist/pdf/2nde/eleves/2nde_S2_ELEVE_Activite.pdf,4,3,4040,
dist/pdf/2nde/eleves/2nde_S3_ELEVE_Activite.pdf,4,3,4221,
dist/pdf/2nde/eleves/2nde_S4_ELEVE_Activite.pdf,4,3,4691,
dist/pdf/2nde/eleves/2nde_S5_ELEVE_Activite.pdf,4,3,3858,
dist/pdf/2nde/enseignants/2nde_Evaluation_Finale_PROF_Corrige_Bareme.pdf,3,3,2229,
dist/pdf/2nde/enseignants/2nde_Guide_Formateur.pdf,15,4,24568,
dist/pdf/2nde/enseignants/2nde_MASTER_Documentation_Stage.pdf,109,5,99891,
dist/pdf/2nde/enseignants/2nde_Mini_Diagnostic_PROF_Corrige.pdf,2,2,1614,
dist/pdf/2nde/enseignants/2nde_S1_AIDES_Cartes.pdf,2,3,1197,
dist/pdf/2nde/enseignants/2nde_S1_PROF_Fiche.pdf,7,2,6287,
dist/pdf/2nde/enseignants/2nde_S2_AIDES_Cartes.pdf,2,3,1201,
dist/pdf/2nde/enseignants/2nde_S2_PROF_Fiche.pdf,6,2,5483,
dist/pdf/2nde/enseignants/2nde_S3_AIDES_Cartes.pdf,2,3,1179,
dist/pdf/2nde/enseignants/2nde_S3_PROF_Fiche.pdf,5,2,5539,
dist/pdf/2nde/enseignants/2nde_S4_AIDES_Cartes.pdf,2,3,1173,
dist/pdf/2nde/enseignants/2nde_S4_PROF_Fiche.pdf,5,3,5836,
dist/pdf/2nde/enseignants/2nde_S5_AIDES_Cartes.pdf,2,3,1185,
dist/pdf/2nde/enseignants/2nde_S5_PROF_Fiche.pdf,5,3,5588,
dist/pdf/2nde/enseignants/2nde_Tableau_Bord_Enseignant.pdf,8,2,3393,
dist/pdf/2nde/enseignants/index.pdf,2,2,842,
dist/pdf/2nde/evaluations/2nde_Evaluation_Finale_ELEVE.pdf,3,4,3445,
dist/pdf/2nde/evaluations/2nde_Mini_Diagnostic_ELEVE.pdf,2,2,2166,
dist/pdf/2nde/nominatifs-prives/2nde_Dossier_Individuel_Ahmed_Bakir.pdf,6,3,5101,
dist/pdf/2nde/nominatifs-prives/2nde_Dossier_Individuel_Noa_Maniaci.pdf,6,3,5274,
dist/pdf/2nde/nominatifs-prives/2nde_Remediation_Ciblee_Ahmed_Bakir_ELEVE.pdf,2,2,2463,
dist/pdf/2nde/nominatifs-prives/2nde_Remediation_Ciblee_Ahmed_Bakir_PROF_Corrige.pdf,3,3,2842,
dist/pdf/2nde/nominatifs-prives/2nde_Remediation_Ciblee_Noa_Maniaci_ELEVE.pdf,2,2,2462,
dist/pdf/2nde/nominatifs-prives/2nde_Remediation_Ciblee_Noa_Maniaci_PROF_Corrige.pdf,3,3,2864,
dist/pdf/2nde/supports/2nde_S1_SUPPORTS_Manipulation.pdf,2,3,1557,
dist/pdf/2nde/supports/2nde_S2_SUPPORTS_Manipulation.pdf,3,2,1201,
dist/pdf/2nde/supports/2nde_S3_SUPPORTS_Manipulation.pdf,3,2,1183,
dist/pdf/2nde/supports/2nde_S4_SUPPORTS_Manipulation.pdf,5,3,1239,
dist/pdf/2nde/supports/2nde_S5_SUPPORTS_Manipulation.pdf,5,3,1306,
dist/pdf/3e/eleves/3e_Portfolio_Individuel.pdf,3,3,2587,
dist/pdf/3e/eleves/3e_S1_ELEVE_Activite.pdf,4,3,5088,
dist/pdf/3e/eleves/3e_S2_ELEVE_Activite.pdf,5,4,5205,
dist/pdf/3e/eleves/3e_S3_ELEVE_Activite.pdf,4,4,5161,
dist/pdf/3e/eleves/3e_S4_ELEVE_Activite.pdf,4,3,5569,
dist/pdf/3e/eleves/3e_S5_ELEVE_Activite.pdf,4,3,5079,
dist/pdf/3e/enseignants/3e_Evaluation_Finale_PROF_Corrige_Bareme.pdf,3,3,2127,
dist/pdf/3e/enseignants/3e_Guide_Formateur.pdf,15,4,25134,
dist/pdf/3e/enseignants/3e_MASTER_Documentation_Stage.pdf,108,6,109642,
dist/pdf/3e/enseignants/3e_Mini_Diagnostic_PROF_Corrige.pdf,2,2,1653,
dist/pdf/3e/enseignants/3e_S1_AIDES_Cartes.pdf,2,3,1261,
dist/pdf/3e/enseignants/3e_S1_PROF_Fiche.pdf,6,2,7076,
dist/pdf/3e/enseignants/3e_S2_AIDES_Cartes.pdf,2,3,1261,
dist/pdf/3e/enseignants/3e_S2_PROF_Fiche.pdf,6,2,6685,
dist/pdf/3e/enseignants/3e_S3_AIDES_Cartes.pdf,2,3,1265,
dist/pdf/3e/enseignants/3e_S3_PROF_Fiche.pdf,6,4,6903,
dist/pdf/3e/enseignants/3e_S4_AIDES_Cartes.pdf,2,3,1256,
dist/pdf/3e/enseignants/3e_S4_PROF_Fiche.pdf,6,3,7223,
dist/pdf/3e/enseignants/3e_S5_AIDES_Cartes.pdf,2,3,1278,
dist/pdf/3e/enseignants/3e_S5_PROF_Fiche.pdf,5,2,6170,
dist/pdf/3e/enseignants/3e_Tableau_Bord_Enseignant.pdf,7,2,3707,
dist/pdf/3e/enseignants/index.pdf,2,2,903,
dist/pdf/3e/evaluations/3e_Evaluation_Finale_ELEVE.pdf,3,3,3420,
dist/pdf/3e/evaluations/3e_Mini_Diagnostic_ELEVE.pdf,2,2,2246,
dist/pdf/3e/nominatifs-prives/3e_Dossier_Individuel_Amine_Mansouri.pdf,6,3,5309,
dist/pdf/3e/nominatifs-prives/3e_Dossier_Individuel_Fares_Laajili.pdf,5,3,4866,
dist/pdf/3e/nominatifs-prives/3e_Dossier_Individuel_Sarah_Bargaoui.pdf,6,3,5301,
dist/pdf/3e/nominatifs-prives/3e_Dossier_Individuel_Selim_Mansouri.pdf,6,3,5242,
dist/pdf/3e/nominatifs-prives/3e_Remediation_Ciblee_Amine_Mansouri_ELEVE.pdf,2,2,2034,
dist/pdf/3e/nominatifs-prives/3e_Remediation_Ciblee_Amine_Mansouri_PROF_Corrige.pdf,3,3,2412,
dist/pdf/3e/nominatifs-prives/3e_Remediation_Ciblee_Fares_Laajili_ELEVE.pdf,2,2,2017,
dist/pdf/3e/nominatifs-prives/3e_Remediation_Ciblee_Fares_Laajili_PROF_Corrige.pdf,3,3,2315,
dist/pdf/3e/nominatifs-prives/3e_Remediation_Ciblee_Sarah_Bargaoui_ELEVE.pdf,2,2,1991,
dist/pdf/3e/nominatifs-prives/3e_Remediation_Ciblee_Sarah_Bargaoui_PROF_Corrige.pdf,3,3,2293,
dist/pdf/3e/nominatifs-prives/3e_Remediation_Ciblee_Selim_Mansouri_ELEVE.pdf,2,2,1996,
dist/pdf/3e/nominatifs-prives/3e_Remediation_Ciblee_Selim_Mansouri_PROF_Corrige.pdf,3,3,2299,
dist/pdf/3e/supports/3e_S1_SUPPORTS_Manipulation.pdf,2,3,1139,
dist/pdf/3e/supports/3e_S2_SUPPORTS_Manipulation.pdf,3,2,1592,
dist/pdf/3e/supports/3e_S3_SUPPORTS_Manipulation.pdf,5,3,1361,
dist/pdf/3e/supports/3e_S4_SUPPORTS_Manipulation.pdf,5,3,1477,
dist/pdf/3e/supports/3e_S5_SUPPORTS_Manipulation.pdf,2,4,1356,
dist/pdf/4e/eleves/4e_Portfolio_Individuel.pdf,3,3,2526,
dist/pdf/4e/eleves/4e_S1_ELEVE_Activite.pdf,4,3,5238,
dist/pdf/4e/eleves/4e_S2_ELEVE_Activite.pdf,4,3,4674,
dist/pdf/4e/eleves/4e_S3_ELEVE_Activite.pdf,4,3,4382,
dist/pdf/4e/eleves/4e_S4_ELEVE_Activite.pdf,4,3,4443,
dist/pdf/4e/eleves/4e_S5_ELEVE_Activite.pdf,3,3,2901,
dist/pdf/4e/enseignants/4e_Evaluation_Finale_PROF_Corrige_Bareme.pdf,2,3,1983,
dist/pdf/4e/enseignants/4e_Guide_Formateur.pdf,13,4,20514,
dist/pdf/4e/enseignants/4e_MASTER_Documentation_Stage.pdf,95,5,92550,
dist/pdf/4e/enseignants/4e_Mini_Diagnostic_PROF_Corrige.pdf,2,2,1353,
dist/pdf/4e/enseignants/4e_S1_AIDES_Cartes.pdf,2,3,1212,
dist/pdf/4e/enseignants/4e_S1_PROF_Fiche.pdf,6,3,6695,
dist/pdf/4e/enseignants/4e_S2_AIDES_Cartes.pdf,2,3,1220,
dist/pdf/4e/enseignants/4e_S2_PROF_Fiche.pdf,6,2,6190,
dist/pdf/4e/enseignants/4e_S3_AIDES_Cartes.pdf,2,3,1195,
dist/pdf/4e/enseignants/4e_S3_PROF_Fiche.pdf,5,2,5358,
dist/pdf/4e/enseignants/4e_S4_AIDES_Cartes.pdf,2,3,1182,
dist/pdf/4e/enseignants/4e_S4_PROF_Fiche.pdf,5,3,5934,
dist/pdf/4e/enseignants/4e_S5_AIDES_Cartes.pdf,2,3,1230,
dist/pdf/4e/enseignants/4e_S5_PROF_Fiche.pdf,4,2,4154,
dist/pdf/4e/enseignants/4e_Tableau_Bord_Enseignant.pdf,7,2,2859,
dist/pdf/4e/enseignants/index.pdf,2,2,824,
dist/pdf/4e/evaluations/4e_Evaluation_Finale_ELEVE.pdf,2,3,3022,
dist/pdf/4e/evaluations/4e_Mini_Diagnostic_ELEVE.pdf,2,2,1790,
dist/pdf/4e/nominatifs-prives/4e_Dossier_Individuel_Fares_Darghouth.pdf,6,3,5222,
dist/pdf/4e/nominatifs-prives/4e_Dossier_Individuel_Sinda_Chikhaoui.pdf,6,3,5151,
dist/pdf/4e/nominatifs-prives/4e_Remediation_Ciblee_Fares_Darghouth_ELEVE.pdf,2,2,2531,
dist/pdf/4e/nominatifs-prives/4e_Remediation_Ciblee_Fares_Darghouth_PROF_Corrige.pdf,3,3,2932,
dist/pdf/4e/nominatifs-prives/4e_Remediation_Ciblee_Sinda_Chikhaoui_ELEVE.pdf,2,2,2585,
dist/pdf/4e/nominatifs-prives/4e_Remediation_Ciblee_Sinda_Chikhaoui_PROF_Corrige.pdf,3,3,3050,
dist/pdf/4e/supports/4e_S1_SUPPORTS_Manipulation.pdf,2,4,1583,
dist/pdf/4e/supports/4e_S2_SUPPORTS_Manipulation.pdf,3,2,1286,
dist/pdf/4e/supports/4e_S3_SUPPORTS_Manipulation.pdf,3,2,1205,
dist/pdf/4e/supports/4e_S4_SUPPORTS_Manipulation.pdf,5,4,1389,
dist/pdf/4e/supports/4e_S5_SUPPORTS_Manipulation.pdf,3,2,1080,
dist/packs/eleves/1ere_spe_PACK_ELEVE_COMPLET.pdf,44,46,37635,
dist/packs/eleves/1ere_spe_PACK_EVALUATIONS_ELEVE.pdf,5,8,5194,
dist/packs/eleves/1ere_spe_S1_PACK_ELEVE.pdf,8,5,5675,
dist/packs/eleves/1ere_spe_S2_PACK_ELEVE.pdf,7,9,6174,
dist/packs/eleves/1ere_spe_S3_PACK_ELEVE.pdf,7,5,5786,
dist/packs/eleves/1ere_spe_S4_PACK_ELEVE.pdf,6,9,5836,
dist/packs/eleves/1ere_spe_S5_PACK_ELEVE.pdf,7,7,5899,
dist/packs/eleves/2nde_PACK_ELEVE_COMPLET.pdf,48,37,36449,
dist/packs/eleves/2nde_PACK_EVALUATIONS_ELEVE.pdf,5,6,5614,
dist/packs/eleves/2nde_S1_PACK_ELEVE.pdf,7,6,6260,
dist/packs/eleves/2nde_S2_PACK_ELEVE.pdf,7,5,5244,
dist/packs/eleves/2nde_S3_PACK_ELEVE.pdf,7,5,5407,
dist/packs/eleves/2nde_S4_PACK_ELEVE.pdf,9,6,5933,
dist/packs/eleves/2nde_S5_PACK_ELEVE.pdf,9,6,5167,
dist/packs/eleves/3e_PACK_ELEVE_COMPLET.pdf,46,40,41316,
dist/packs/eleves/3e_PACK_EVALUATIONS_ELEVE.pdf,5,5,5669,
dist/packs/eleves/3e_S1_PACK_ELEVE.pdf,6,6,6230,
dist/packs/eleves/3e_S2_PACK_ELEVE.pdf,8,6,6800,
dist/packs/eleves/3e_S3_PACK_ELEVE.pdf,9,7,6525,
dist/packs/eleves/3e_S4_PACK_ELEVE.pdf,9,6,7049,
dist/packs/eleves/3e_S5_PACK_ELEVE.pdf,6,7,6438,
dist/packs/eleves/4e_PACK_ELEVE_COMPLET.pdf,42,37,35555,
dist/packs/eleves/4e_PACK_EVALUATIONS_ELEVE.pdf,4,5,4815,
dist/packs/eleves/4e_S1_PACK_ELEVE.pdf,6,7,6824,
dist/packs/eleves/4e_S2_PACK_ELEVE.pdf,7,5,5963,
dist/packs/eleves/4e_S3_PACK_ELEVE.pdf,7,5,5590,
dist/packs/eleves/4e_S4_PACK_ELEVE.pdf,9,7,5835,
dist/packs/eleves/4e_S5_PACK_ELEVE.pdf,6,5,3984,
dist/packs/enseignants/1ere_spe_PACK_ENSEIGNANT_COMPLET.pdf,231,107,212040,
dist/packs/enseignants/1ere_spe_PACK_EVALUATIONS_CORRIGE.pdf,7,9,3802,
dist/packs/enseignants/1ere_spe_S1_PACK_ENSEIGNANT.pdf,17,12,12815,
dist/packs/enseignants/1ere_spe_S2_PACK_ENSEIGNANT.pdf,15,17,13431,
dist/packs/enseignants/1ere_spe_S3_PACK_ENSEIGNANT.pdf,15,11,12922,
dist/packs/enseignants/1ere_spe_S4_PACK_ENSEIGNANT.pdf,14,15,13204,
dist/packs/enseignants/1ere_spe_S5_PACK_ENSEIGNANT.pdf,15,14,12837,
dist/packs/enseignants/2nde_PACK_ENSEIGNANT_COMPLET.pdf,225,82,203702,
dist/packs/enseignants/2nde_PACK_EVALUATIONS_CORRIGE.pdf,5,5,3846,
dist/packs/enseignants/2nde_S1_PACK_ENSEIGNANT.pdf,16,11,13750,
dist/packs/enseignants/2nde_S2_PACK_ENSEIGNANT.pdf,15,10,11934,
dist/packs/enseignants/2nde_S3_PACK_ENSEIGNANT.pdf,14,10,12131,
dist/packs/enseignants/2nde_S4_PACK_ENSEIGNANT.pdf,16,12,12948,
dist/packs/enseignants/2nde_S5_PACK_ENSEIGNANT.pdf,16,12,11946,
dist/packs/enseignants/3e_PACK_ENSEIGNANT_COMPLET.pdf,222,87,224908,
dist/packs/enseignants/3e_PACK_EVALUATIONS_CORRIGE.pdf,5,5,3783,
dist/packs/enseignants/3e_S1_PACK_ENSEIGNANT.pdf,14,11,14573,
dist/packs/enseignants/3e_S2_PACK_ENSEIGNANT.pdf,16,11,14752,
dist/packs/enseignants/3e_S3_PACK_ENSEIGNANT.pdf,17,14,14699,
dist/packs/enseignants/3e_S4_PACK_ENSEIGNANT.pdf,17,12,15534,
dist/packs/enseignants/3e_S5_PACK_ENSEIGNANT.pdf,13,12,13892,
dist/packs/enseignants/4e_PACK_ENSEIGNANT_COMPLET.pdf,199,82,190056,
dist/packs/enseignants/4e_PACK_EVALUATIONS_CORRIGE.pdf,4,5,3339,
dist/packs/enseignants/4e_S1_PACK_ENSEIGNANT.pdf,14,13,14737,
dist/packs/enseignants/4e_S2_PACK_ENSEIGNANT.pdf,15,10,13379,
dist/packs/enseignants/4e_S3_PACK_ENSEIGNANT.pdf,14,10,12149,
dist/packs/enseignants/4e_S4_PACK_ENSEIGNANT.pdf,16,13,12957,
dist/packs/enseignants/4e_S5_PACK_ENSEIGNANT.pdf,12,10,9374,
dist/packs/nominatifs-prives/1ere_spe_Ahmad_Beldi_DOSSIER_ENSEIGNANT_CONFIDENTIEL.pdf,11,10,10063,
dist/packs/nominatifs-prives/1ere_spe_Ahmad_Beldi_PACK_TRAVAIL_PERSONNALISE.pdf,8,6,7674,
dist/packs/nominatifs-prives/1ere_spe_Donia_Khadhrani_DOSSIER_ENSEIGNANT_CONFIDENTIEL.pdf,11,11,10148,
dist/packs/nominatifs-prives/1ere_spe_Donia_Khadhrani_PACK_TRAVAIL_PERSONNALISE.pdf,8,7,7749,
dist/packs/nominatifs-prives/1ere_spe_Malek_Khadhrani_DOSSIER_ENSEIGNANT_CONFIDENTIEL.pdf,11,8,9980,
dist/packs/nominatifs-prives/1ere_spe_Malek_Khadhrani_PACK_TRAVAIL_PERSONNALISE.pdf,8,5,7646,
dist/packs/nominatifs-prives/2nde_Ahmed_Bakir_DOSSIER_ENSEIGNANT_CONFIDENTIEL.pdf,11,8,10412,
dist/packs/nominatifs-prives/2nde_Ahmed_Bakir_PACK_TRAVAIL_PERSONNALISE.pdf,8,5,7567,
dist/packs/nominatifs-prives/2nde_Noa_Maniaci_DOSSIER_ENSEIGNANT_CONFIDENTIEL.pdf,11,8,10606,
dist/packs/nominatifs-prives/2nde_Noa_Maniaci_PACK_TRAVAIL_PERSONNALISE.pdf,8,5,7739,
dist/packs/nominatifs-prives/3e_Amine_Mansouri_DOSSIER_ENSEIGNANT_CONFIDENTIEL.pdf,11,8,9761,
dist/packs/nominatifs-prives/3e_Amine_Mansouri_PACK_TRAVAIL_PERSONNALISE.pdf,8,5,7346,
dist/packs/nominatifs-prives/3e_Fares_Laajili_DOSSIER_ENSEIGNANT_CONFIDENTIEL.pdf,10,8,9204,
dist/packs/nominatifs-prives/3e_Fares_Laajili_PACK_TRAVAIL_PERSONNALISE.pdf,7,5,6886,
dist/packs/nominatifs-prives/3e_Sarah_Bargaoui_DOSSIER_ENSEIGNANT_CONFIDENTIEL.pdf,11,8,9591,
dist/packs/nominatifs-prives/3e_Sarah_Bargaoui_PACK_TRAVAIL_PERSONNALISE.pdf,8,5,7295,
dist/packs/nominatifs-prives/3e_Selim_Mansouri_DOSSIER_ENSEIGNANT_CONFIDENTIEL.pdf,11,8,9543,
dist/packs/nominatifs-prives/3e_Selim_Mansouri_PACK_TRAVAIL_PERSONNALISE.pdf,8,5,7241,
dist/packs/nominatifs-prives/4e_Fares_Darghouth_DOSSIER_ENSEIGNANT_CONFIDENTIEL.pdf,11,8,10691,
dist/packs/nominatifs-prives/4e_Fares_Darghouth_PACK_TRAVAIL_PERSONNALISE.pdf,8,5,7756,
dist/packs/nominatifs-prives/4e_Sinda_Chikhaoui_DOSSIER_ENSEIGNANT_CONFIDENTIEL.pdf,11,8,10792,
dist/packs/nominatifs-prives/4e_Sinda_Chikhaoui_PACK_TRAVAIL_PERSONNALISE.pdf,8,5,7739,
